timestamp,temperature,humidity
2025-09-01T15:18:02.649528,0.0,-273.15
2025-09-01T15:18:04.663261,0.0,-273.15
2025-09-01T15:18:06.679996,0.0,-273.15
2025-09-01T15:18:08.696231,0.0,-273.15
2025-09-01T15:18:10.713466,0.0,-273.15
2025-09-01T15:18:12.730201,0.0,-273.15
2025-09-01T15:18:14.746936,0.0,-273.15
2025-09-01T15:18:16.763170,0.0,-273.15
2025-09-01T15:18:18.779905,0.0,-273.15
2025-09-01T15:18:20.797141,0.0,-273.15
2025-09-01T15:18:22.813376,0.0,-273.15
2025-09-01T15:18:24.830110,0.0,-273.15
2025-09-01T15:18:26.846846,0.0,-273.15
2025-09-01T15:18:28.864081,0.0,-273.15
2025-09-01T15:18:30.880816,0.0,-273.15
2025-09-01T15:18:32.897551,0.0,-273.15
2025-09-01T15:18:34.914286,0.0,-273.15
2025-09-01T15:18:36.931521,0.0,-273.15
2025-09-01T15:18:38.947756,0.0,-273.15
2025-09-01T15:18:40.964491,0.0,-273.15
2025-09-01T15:18:42.981727,0.0,-273.15
2025-09-01T15:18:44.997961,0.0,-273.15
2025-09-01T15:18:47.014195,0.0,-273.15
2025-09-01T15:18:49.031431,0.0,-273.15
2025-09-01T15:18:51.048166,0.0,-273.15
2025-09-01T15:18:53.064901,0.0,-273.15
2025-09-01T15:18:55.081136,0.0,-273.15
2025-09-01T15:18:57.098371,0.0,-273.15
2025-09-01T15:18:59.115106,0.0,-273.15
2025-09-01T15:19:01.131841,0.0,-273.15
2025-09-01T15:19:03.148076,0.0,-273.15
2025-09-01T15:19:05.165311,0.0,-273.15
2025-09-01T15:19:07.182046,0.0,-273.15
2025-09-01T15:19:09.199281,0.0,-273.15
2025-09-01T15:19:11.215516,0.0,-273.15
2025-09-01T15:19:13.231750,0.0,-273.15
2025-09-01T15:19:15.248485,0.0,-273.15
2025-09-01T15:19:17.265220,0.0,-273.15
2025-09-01T15:19:19.281955,0.0,-273.15
2025-09-01T15:19:21.298690,0.0,-273.15
2025-09-01T15:19:23.315425,0.0,-273.15
2025-09-01T15:19:25.332661,0.0,-273.15
2025-09-01T15:19:27.349396,0.0,-273.15
2025-09-01T15:19:29.366131,0.0,-273.15
2025-09-01T15:19:31.382866,0.0,-273.15
2025-09-01T15:19:33.399601,0.0,-273.15
2025-09-01T15:19:35.415835,0.0,-273.15
2025-09-01T15:19:37.433071,0.0,-273.15
2025-09-01T15:19:39.449305,0.0,-273.15
2025-09-01T15:19:41.466040,0.0,-273.15
2025-09-01T15:19:43.482275,0.0,-273.15
2025-09-01T15:19:45.499510,0.0,-273.15
2025-09-01T15:19:47.515745,0.0,-273.15
2025-09-01T15:19:49.533481,0.0,-273.15
2025-09-01T15:19:51.548714,0.0,-273.15
2025-09-01T15:19:53.565450,0.0,-273.15
2025-09-01T15:19:55.582685,0.0,-273.15
2025-09-01T15:19:57.599420,0.0,-273.15
2025-09-01T15:19:59.615655,0.0,-273.15
2025-09-01T15:20:01.631889,0.0,-273.15
2025-09-01T15:20:03.649124,0.0,-273.15
2025-09-01T15:20:05.665860,0.0,-273.15
2025-09-01T15:20:07.682094,0.0,-273.15
2025-09-01T15:20:09.699830,0.0,-273.15
2025-09-01T15:20:11.715564,0.0,-273.15
2025-09-01T15:20:13.732299,0.0,-273.15
2025-09-01T15:20:15.749534,0.0,-273.15
2025-09-01T15:20:17.765769,0.0,-273.15
2025-09-01T15:20:19.782004,0.0,-273.15
2025-09-01T15:20:21.799239,0.0,-273.15
2025-09-01T15:20:23.815974,0.0,-273.15
2025-09-01T15:20:25.831708,0.0,-273.15
2025-09-01T15:20:27.848943,0.0,-273.15
2025-09-01T15:20:29.865679,0.0,-273.15
2025-09-01T15:20:31.882414,0.0,-273.15
2025-09-01T15:20:33.899149,0.0,-273.15
2025-09-01T15:20:35.915884,0.0,-273.15
2025-09-01T15:20:37.932618,0.0,-273.15
2025-09-01T15:20:39.949353,0.0,-273.15
2025-09-01T15:20:41.965588,0.0,-273.15
2025-09-01T15:20:43.982323,0.0,-273.15
2025-09-01T15:20:45.999559,0.0,-273.15
2025-09-01T15:20:48.015793,0.0,-273.15
2025-09-01T15:20:50.033029,0.0,-273.15
2025-09-01T15:20:52.049763,0.0,-273.15
2025-09-01T15:20:54.065998,0.0,-273.15
2025-09-01T15:20:56.082733,0.0,-273.15
2025-09-01T15:20:58.099968,0.0,-273.15
2025-09-01T15:21:00.116203,0.0,-273.15
2025-09-01T15:21:02.132938,0.0,-273.15
2025-09-01T15:21:04.150174,0.0,-273.15
2025-09-01T15:21:06.166909,0.0,-273.15
2025-09-01T15:21:08.183645,0.0,-273.15
2025-09-01T15:21:10.200379,0.0,-273.15
2025-09-01T15:21:12.217113,0.0,-273.15
2025-09-01T15:21:14.233348,0.0,-273.15
2025-09-01T15:21:16.250584,0.0,-273.15
2025-09-01T15:21:18.267318,0.0,-273.15
2025-09-01T15:21:20.284054,0.0,-273.15
2025-09-01T15:21:22.300288,0.0,-273.15
2025-09-01T15:21:24.317588,0.0,-273.15
2025-09-01T15:21:26.334258,0.0,-273.15
2025-09-01T15:21:28.350493,0.0,-273.15
2025-09-01T15:21:30.367228,0.0,-273.15
2025-09-01T15:21:32.383463,0.0,-273.15
2025-09-01T15:21:34.401198,0.0,-273.15
2025-09-01T15:21:36.416432,0.0,-273.15
2025-09-01T15:21:38.433167,0.0,-273.15
2025-09-01T15:21:40.449902,0.0,-273.15
2025-09-01T15:21:42.467137,0.0,-273.15
2025-09-01T15:21:44.483873,0.0,-273.15
2025-09-01T15:21:46.500107,0.0,-273.15
2025-09-01T15:21:48.517343,0.0,-273.15
2025-09-01T15:21:50.533577,0.0,-273.15
2025-09-01T15:21:52.550813,0.0,-273.15
2025-09-01T15:21:54.567548,0.0,-273.15
2025-09-01T15:21:56.584283,0.0,-273.15
2025-09-01T15:21:58.601018,0.0,-273.15
2025-09-01T15:22:00.617252,0.0,-273.15
2025-09-01T15:22:02.634487,0.0,-273.15
2025-09-01T15:22:04.651223,0.0,-273.15
2025-09-01T15:22:06.667534,0.0,-273.15
2025-09-01T15:22:08.683692,0.0,-273.15
2025-09-01T15:22:10.700427,0.0,-273.15
2025-09-01T15:22:12.717162,0.0,-273.15
2025-09-01T15:22:14.733897,0.0,-273.15
2025-09-01T15:22:16.751132,0.0,-273.15
2025-09-01T15:22:18.767367,0.0,-273.15
2025-09-01T15:22:20.784102,0.0,-273.15
2025-09-01T15:22:22.800837,0.0,-273.15
2025-09-01T15:22:24.816571,0.0,-273.15
2025-09-01T15:22:26.834306,0.0,-273.15
2025-09-01T15:22:28.850541,0.0,-273.15
2025-09-01T15:22:30.867777,0.0,-273.15
2025-09-01T15:22:32.883511,0.0,-273.15
2025-09-01T15:22:34.899245,0.0,-273.15
2025-09-01T15:22:36.916481,0.0,-273.15
2025-09-01T15:22:38.933216,0.0,-273.15
2025-09-01T15:22:40.949950,0.0,-273.15
2025-09-01T15:22:42.966185,0.0,-273.15
2025-09-01T15:22:44.982419,0.0,-273.15
2025-09-01T15:22:46.999154,0.0,-273.15
2025-09-01T15:22:49.015890,0.0,-273.15
2025-09-01T15:22:51.032124,0.0,-273.15
2025-09-01T15:22:53.049359,0.0,-273.15
2025-09-01T15:22:55.066094,0.0,-273.15
2025-09-01T15:22:57.082329,0.0,-273.15
2025-09-01T15:22:59.099564,0.0,-273.15
2025-09-01T15:23:01.115799,0.0,-273.15
2025-09-01T15:23:03.132534,0.0,-273.15
2025-09-01T15:23:05.149269,0.0,-273.15
2025-09-01T15:23:07.166004,0.0,-273.15
2025-09-01T15:23:09.182739,0.0,-273.15
2025-09-01T15:23:11.199474,0.0,-273.15
2025-09-01T15:23:13.216209,0.0,-273.15
2025-09-01T15:23:15.232444,0.0,-273.15
2025-09-01T15:23:17.249679,0.0,-273.15
2025-09-01T15:23:19.265914,0.0,-273.15
2025-09-01T15:23:21.282649,0.0,-273.15
2025-09-01T15:23:23.299884,0.0,-273.15
2025-09-01T15:23:25.316619,0.0,-273.15
2025-09-01T15:23:27.332854,0.0,-273.15
2025-09-01T15:23:29.349588,0.0,-273.15
2025-09-01T15:23:31.366324,0.0,-273.15
2025-09-01T15:23:33.383059,0.0,-273.15
2025-09-01T15:23:35.399794,0.0,-273.15
2025-09-01T15:23:37.416028,0.0,-273.15
2025-09-01T15:23:39.432763,0.0,-273.15
2025-09-01T15:23:41.449498,0.0,-273.15
2025-09-01T15:23:43.466233,0.0,-273.15
2025-09-01T15:23:45.482468,0.0,-273.15
2025-09-01T15:23:47.499203,0.0,-273.15
2025-09-01T15:23:49.515938,0.0,-273.15
2025-09-01T15:23:51.532673,0.0,-273.15
2025-09-01T15:23:53.549408,0.0,-273.15
2025-09-01T15:23:55.566143,0.0,-273.15
2025-09-01T15:23:57.582377,0.0,-273.15
2025-09-01T15:23:59.599112,0.0,-273.15
2025-09-01T15:24:01.615847,0.0,-273.15
2025-09-01T15:24:03.632082,0.0,-273.15
2025-09-01T15:24:05.648817,0.0,-273.15
2025-09-01T15:24:07.665552,0.0,-273.15
2025-09-01T15:24:09.682287,0.0,-273.15
2025-09-01T15:24:11.699022,0.0,-273.15
2025-09-01T15:24:13.715256,0.0,-273.15
2025-09-01T15:24:15.731991,0.0,-273.15
2025-09-01T15:24:17.748727,0.0,-273.15
2025-09-01T15:24:19.765461,0.0,-273.15
2025-09-01T15:24:21.782196,0.0,-273.15
2025-09-01T15:24:23.797931,0.0,-273.15
2025-09-01T15:24:25.814665,0.0,-273.15
2025-09-01T15:24:27.830900,0.0,-273.15
2025-09-01T15:24:29.847134,0.0,-273.15
2025-09-01T15:24:31.863369,0.0,-273.15
2025-09-01T15:24:33.879603,0.0,-273.15
2025-09-01T15:24:35.896339,0.0,-273.15
2025-09-01T15:24:37.913074,0.0,-273.15
2025-09-01T15:24:39.930309,0.0,-273.15
2025-09-01T15:24:41.946544,0.0,-273.15
2025-09-01T15:24:43.963779,0.0,-273.15
2025-09-01T15:24:45.980514,0.0,-273.15
2025-09-01T15:24:47.996749,0.0,-273.15
2025-09-01T15:24:50.013484,0.0,-273.15
2025-09-01T15:24:52.029718,0.0,-273.15
2025-09-01T15:24:54.046453,0.0,-273.15
2025-09-01T15:24:56.063689,0.0,-273.15
2025-09-01T15:24:58.080424,0.0,-273.15
2025-09-01T15:25:00.096158,0.0,-273.15
2025-09-01T15:25:02.112392,0.0,-273.15
2025-09-01T15:25:04.129127,0.0,-273.15
2025-09-01T15:25:06.146363,0.0,-273.15
2025-09-01T15:25:08.162597,0.0,-273.15
2025-09-01T15:25:10.180333,0.0,-273.15
2025-09-01T15:25:12.196568,0.0,-273.15
2025-09-01T15:25:14.213303,0.0,-273.15
2025-09-01T15:25:16.229537,0.0,-273.15
2025-09-01T15:25:18.247274,0.0,-273.15
2025-09-01T15:25:20.262007,0.0,-273.15
2025-09-01T15:25:22.278741,0.0,-273.15
2025-09-01T15:25:24.295477,0.0,-273.15
2025-09-01T15:25:26.310710,0.0,-273.15
2025-09-01T15:25:28.327946,0.0,-273.15
2025-09-01T15:25:30.343180,0.0,-273.15
2025-09-01T15:25:32.360415,0.0,-273.15
2025-09-01T15:25:34.376650,0.0,-273.15
2025-09-01T15:25:36.393885,0.0,-273.15
2025-09-01T15:25:38.410119,0.0,-273.15
2025-09-01T15:25:40.427355,0.0,-273.15
2025-09-01T15:25:42.443589,0.0,-273.15
2025-09-01T15:25:44.460324,0.0,-273.15
2025-09-01T15:25:46.476559,0.0,-273.15
2025-09-01T15:25:48.493294,0.0,-273.15
2025-09-01T15:25:50.509529,0.0,-273.15
2025-09-01T15:25:52.526264,0.0,-273.15
2025-09-01T15:25:52.580810,0.0,-273.15
2025-09-01T15:25:54.542998,0.0,-273.15
2025-09-01T15:25:56.559734,0.0,-273.15
2025-09-01T15:25:57.599628,0.0,-273.15
2025-09-01T15:25:58.576969,0.0,-273.15
2025-09-01T15:26:00.593203,0.0,-273.15
2025-09-01T15:26:02.609939,0.0,-273.15
2025-09-01T15:26:02.610939,0.0,-273.15
2025-09-01T15:26:04.626673,0.0,-273.15
2025-09-01T15:26:06.643408,0.0,-273.15
2025-09-01T15:26:07.620749,0.0,-273.15
2025-09-01T15:26:08.660644,0.0,-273.15
2025-09-01T15:26:10.677379,0.0,-273.15
2025-09-01T15:26:12.632061,0.0,-273.15
2025-09-01T15:26:12.693613,0.0,-273.15
2025-09-01T15:26:14.710849,0.0,-273.15
2025-09-01T15:26:16.727083,0.0,-273.15
2025-09-01T15:26:17.642871,0.0,-273.15
2025-09-01T15:26:18.744319,0.0,-273.15
2025-09-01T15:26:20.760554,0.0,-273.15
2025-09-01T15:26:22.653182,0.0,-273.15
2025-09-01T15:26:22.777288,0.0,-273.15
2025-09-01T15:26:24.794023,0.0,-273.15
2025-09-01T15:26:26.810759,0.0,-273.15
2025-09-01T15:26:27.663992,0.0,-273.15
2025-09-01T15:26:28.827994,0.0,-273.15
2025-09-01T15:26:30.844229,0.0,-273.15
2025-09-01T15:26:32.675304,0.0,-273.15
2025-09-01T15:26:32.861464,0.0,-273.15
2025-09-01T15:26:34.877698,0.0,-273.15
2025-09-01T15:26:36.894434,0.0,-273.15
2025-09-01T15:26:37.685114,0.0,-273.15
2025-09-01T15:26:38.910668,0.0,-273.15
2025-09-01T15:26:40.928404,0.0,-273.15
2025-09-01T15:26:42.695925,0.0,-273.15
2025-09-01T15:26:42.944638,0.0,-273.15
2025-09-01T15:26:44.961373,0.0,-273.15
2025-09-01T15:26:46.978108,0.0,-273.15
2025-09-01T15:26:47.707235,0.0,-273.15
2025-09-01T15:26:48.994844,0.0,-273.15
2025-09-01T15:26:51.011078,0.0,300.0
2025-09-01T15:26:52.717617,0.0,300.0
2025-09-01T15:26:53.027813,0.0,300.0
2025-09-01T15:26:55.045048,0.0,300.0
2025-09-01T15:26:57.061783,0.0,300.0
2025-09-01T15:26:57.728858,0.0,300.0
2025-09-01T15:26:59.078519,80.0,300.0
2025-09-01T15:27:01.095254,80.0,300.0
2025-09-01T15:27:02.739668,80.0,300.0
2025-09-01T15:27:03.111488,80.0,300.0
2025-09-01T15:27:05.127222,79.18,300.0
2025-09-01T15:27:07.144458,34.2,266905171.32
2025-09-01T15:27:07.748977,80.93,150102779.17
2025-09-01T15:27:09.161193,84.19,652590217.41
2025-09-01T15:27:11.176927,58.76,704621200.72
2025-09-01T15:27:12.759788,15.54,121881853.92
2025-09-01T15:27:13.193661,31.96,830528792.93
2025-09-01T15:27:15.210897,68.52,310516785.1
2025-09-01T15:27:17.227131,20.94,255785306.4
2025-09-01T15:27:17.770599,60.77,131675443.36
2025-09-01T15:27:19.244367,27.18,236650828.37
2025-09-01T15:27:21.260602,11.82,819806660.02
2025-09-01T15:27:22.780909,36.54,194802942.67
2025-09-01T15:27:23.277337,41.45,333795684.51
2025-09-01T15:27:25.294572,77.09,663840205.72
2025-09-01T15:27:27.310807,8.82,508490063.92
2025-09-01T15:27:27.791720,19.09,735913143.07
2025-09-01T15:27:29.327542,54.49,764300253.91
2025-09-01T15:27:31.344777,80.0,443667697.92
2025-09-01T15:27:32.802531,80.0,337523762.37
2025-09-01T15:27:33.361012,80.0,41563597.72
2025-09-01T15:27:35.377747,80.0,693354285.23
2025-09-01T15:27:37.394982,80.0,818008968.42
2025-09-01T15:27:37.813342,80.0,622419516.11
2025-09-01T15:27:39.411717,80.0,741391955.36
2025-09-01T15:27:41.427952,80.0,85791260.11
2025-09-01T15:27:42.824153,80.0,262119515.09
2025-09-01T15:27:43.445187,80.0,393616440.91
2025-09-01T15:27:45.461422,80.0,151455869.19
2025-09-01T15:27:47.478157,80.0,842747822.36
2025-09-01T15:27:47.834463,80.0,213772926.84
2025-09-01T15:27:49.496393,80.0,438969274.06
2025-09-01T15:27:51.511627,80.0,707434562.82
2025-09-01T15:27:52.845274,80.0,902768871.09
2025-09-01T15:27:53.528362,80.0,399634150.03
2025-09-01T15:27:55.545097,80.0,170355810.14
2025-09-01T15:27:57.561331,80.0,165015463.73
2025-09-01T15:27:57.856585,80.0,774700002.72
2025-09-01T15:27:59.578566,80.0,281891421.02
2025-09-01T15:28:01.594801,80.0,804675396.63
2025-09-01T15:28:02.866895,80.0,882857246.19
2025-09-01T15:28:03.611536,80.0,484022377.26
2025-09-01T15:28:05.628271,80.0,887646247.99
2025-09-01T15:28:07.645006,80.0,419588655.14
2025-09-01T15:28:07.877706,80.0,443638048.71
2025-09-01T15:28:09.661741,80.0,644434392.8
2025-09-01T15:28:11.678977,80.0,25304412.31
2025-09-01T15:28:12.891019,80.0,447416381.73
2025-09-01T15:28:13.695712,80.0,896000329.63
2025-09-01T15:28:15.711946,80.0,745819560.36
2025-09-01T15:28:17.729182,80.0,576126782.74
2025-09-01T15:28:17.899828,80.0,486650244.63
2025-09-01T15:28:19.745416,80.0,256304114.12
2025-09-01T15:28:21.762652,80.0,157955867.43
2025-09-01T15:28:22.910139,80.0,211634617.7
2025-09-01T15:28:23.779387,80.0,492485878.01
2025-09-01T15:28:25.794120,80.0,835719684.38
2025-09-01T15:28:27.810855,80.0,432606136.65
2025-09-01T15:28:27.919949,80.0,77662435.81
2025-09-01T15:28:29.827590,80.0,437838169.47
2025-09-01T15:28:31.843324,80.0,657164509.06
2025-09-01T15:28:32.929759,80.0,959606823.09
2025-09-01T15:28:33.860059,80.0,807036987.44
2025-09-01T15:28:35.876794,80.0,583033300.06
2025-09-01T15:28:37.892528,80.0,429442097.6
2025-09-01T15:28:37.938568,80.0,640111168.58
2025-09-01T15:28:39.909764,80.0,599767009.95
2025-09-01T15:28:41.925998,80.0,310490740.52
2025-09-01T15:28:42.949879,80.0,346245864.72
2025-09-01T15:28:43.942733,80.0,467782403.27
2025-09-01T15:28:45.959468,80.0,244094844.16
2025-09-01T15:28:47.961691,80.0,38036276.83
2025-09-01T15:28:47.976704,80.0,201913759.97
2025-09-01T15:28:49.992438,80.0,75165994.52
2025-09-01T15:28:52.009173,80.0,265102889.42
2025-09-01T15:28:52.972001,80.0,252787999.87
2025-09-01T15:28:54.025407,80.0,291844085.05
2025-09-01T15:28:56.045645,80.0,698403854.95
2025-09-01T15:28:57.981811,80.0,297401501.18
2025-09-01T15:28:58.057876,80.0,677108329.76
2025-09-01T15:29:00.073611,80.0,342409742.53
2025-09-01T15:29:02.089845,80.0,818433300.83
2025-09-01T15:29:02.990120,80.0,842128862.9
2025-09-01T15:29:04.107081,80.0,3952257.3
2025-09-01T15:29:06.123315,80.0,904904219.2
2025-09-01T15:29:08.000430,80.0,685727188.67
2025-09-01T15:29:08.140050,80.0,202715944.58
2025-09-01T15:29:10.156285,80.0,511314659.86
2025-09-01T15:29:12.173020,80.0,287530246.6
2025-09-01T15:29:13.010741,80.0,634143734.13
2025-09-01T15:29:14.189754,80.0,629814649.5
2025-09-01T15:29:16.206490,80.0,374203709.48
2025-09-01T15:29:18.021051,80.0,626239076.96
2025-09-01T15:29:18.222724,80.0,609097812.06
2025-09-01T15:29:20.240460,80.0,86110368.0
2025-09-01T15:29:22.256194,80.0,204419418.11
2025-09-01T15:29:23.031361,80.0,479264299.03
2025-09-01T15:29:24.271928,80.0,295819731.43
2025-09-01T15:29:26.288663,80.0,994958405.72
2025-09-01T15:29:28.042172,80.0,143345639.21
2025-09-01T15:29:28.306399,80.0,936875547.63
2025-09-01T15:29:30.322633,80.0,75441288.12
2025-09-01T15:29:32.338868,80.0,557660924.29
2025-09-01T15:29:33.052983,80.0,424884413.39
2025-09-01T15:29:34.356103,80.0,471421117.68
2025-09-01T15:29:36.372338,80.0,472287181.35
2025-09-01T15:29:38.065295,80.0,861516156.38
2025-09-01T15:29:38.391075,80.0,20136096.9
2025-09-01T15:29:40.407810,80.0,927605093.88
2025-09-01T15:29:42.424545,80.0,168273031.53
2025-09-01T15:29:43.076106,80.0,875144441.48
2025-09-01T15:29:44.441280,80.0,422768008.37
2025-09-01T15:29:46.458015,80.0,247289017.19
2025-09-01T15:29:48.086917,80.0,644722860.35
2025-09-01T15:29:48.474750,80.0,747086053.62
2025-09-01T15:29:50.491485,80.0,840920641.45
2025-09-01T15:29:52.508220,80.0,646890586.25
2025-09-01T15:29:53.097727,80.0,733937890.04
2025-09-01T15:29:54.524955,80.0,169599335.99
2025-09-01T15:29:56.542190,80.0,736885204.58
2025-09-01T15:29:58.108538,80.0,415255321.98
2025-09-01T15:29:58.558425,80.0,859492657.64
2025-09-01T15:30:00.574659,80.0,489801198.51
2025-09-01T15:30:02.591395,80.0,755454422.27
2025-09-01T15:30:03.118848,80.0,511681928.28
2025-09-01T15:30:04.608130,80.0,215337670.27
2025-09-01T15:30:06.624865,80.0,541056900.48
2025-09-01T15:30:08.129159,80.0,229872157.11
2025-09-01T15:30:08.641099,80.0,353869864.97
2025-09-01T15:30:10.657834,80.0,977926906.04
2025-09-01T15:30:12.674069,80.0,738343545.2
2025-09-01T15:30:13.139969,80.0,58156558.27
2025-09-01T15:30:14.690804,80.0,628891665.54
2025-09-01T15:30:16.708039,80.0,326431700.55
2025-09-01T15:30:18.150280,80.0,724275750.34
2025-09-01T15:30:18.724774,80.0,706631974.37
2025-09-01T15:30:20.741509,80.0,947926360.18
2025-09-01T15:30:22.758245,80.0,903380994.47
2025-09-01T15:30:23.161591,80.0,17955730.65
2025-09-01T15:30:24.773978,80.0,71385400.42
2025-09-01T15:30:26.790713,80.0,465963582.76
2025-09-01T15:30:28.171401,80.0,524123926.3
2025-09-01T15:30:28.807949,80.0,422825209.3
2025-09-01T15:30:30.824183,80.0,547124251.34
2025-09-01T15:30:32.840418,80.0,459597200.55
2025-09-01T15:30:33.182212,80.0,378855235.29
2025-09-01T15:30:34.858154,80.0,500775520.19
2025-09-01T15:30:36.874388,80.0,960837012.79
2025-09-01T15:30:38.193023,80.0,539279333.98
2025-09-01T15:30:38.891123,80.0,10274279.44
2025-09-01T15:30:40.909359,80.0,879256130.54
2025-09-01T15:30:42.924594,80.0,353230407.59
2025-09-01T15:30:43.203333,80.0,282813028.07
2025-09-01T15:30:44.940828,80.0,425026630.09
2025-09-01T15:30:46.958063,80.0,408836798.69
2025-09-01T15:30:48.214144,80.0,544227297.99
2025-09-01T15:30:48.974298,80.0,313722060.69
2025-09-01T15:30:50.991033,80.0,250969505.97
2025-09-01T15:30:53.007267,80.0,431592992.97
2025-09-01T15:30:53.224454,80.0,777862866.02
2025-09-01T15:30:55.023502,80.0,656026722.64
2025-09-01T15:30:57.042239,80.0,45559982.14
2025-09-01T15:30:58.234764,80.0,790237808.91
2025-09-01T15:30:59.057972,80.0,977717964.67
2025-09-01T15:31:01.074208,80.0,414791614.15
2025-09-01T15:31:03.090442,80.0,629880419.31
2025-09-01T15:31:03.245575,80.0,727811575.59
2025-09-01T15:31:05.106676,80.0,401283207.29
2025-09-01T15:31:07.123412,80.0,437021586.37
2025-09-01T15:31:08.255886,80.0,275035285.95
2025-09-01T15:31:09.140647,80.0,423224909.38
2025-09-01T15:31:11.157382,80.0,644151944.09
2025-09-01T15:31:13.173616,80.0,344629100.72
2025-09-01T15:31:13.266696,80.0,901466874.9
2025-09-01T15:31:15.189851,80.0,600374912.65
2025-09-01T15:31:17.206586,80.0,629217015.25
2025-09-01T15:31:18.277007,80.0,359960267.4
2025-09-01T15:31:19.222821,80.0,40088172.57
2025-09-01T15:31:21.240056,80.0,538192915.55
2025-09-01T15:31:23.256791,80.0,212586956.81
2025-09-01T15:31:23.287818,80.0,297191160.42
2025-09-01T15:31:25.273526,80.0,982643834.08
2025-09-01T15:31:27.289760,80.0,203659372.43
2025-09-01T15:31:28.299629,80.0,952040091.77
2025-09-01T15:31:29.306996,80.0,846350865.24
2025-09-01T15:31:31.321229,80.0,509630525.74
2025-09-01T15:31:33.306437,80.0,655101727.36
2025-09-01T15:31:33.337964,80.0,655597064.6
2025-09-01T15:31:35.354699,80.0,22067368.83
2025-09-01T15:31:37.371434,80.0,452326236.41
2025-09-01T15:31:38.317831,80.0,966894266.2
2025-09-01T15:31:39.387668,80.0,20600171.84
2025-09-01T15:31:41.404904,80.0,921623548.03
2025-09-01T15:31:43.328559,80.0,71288834.82
2025-09-01T15:31:43.421639,80.0,96591085.71
2025-09-01T15:31:45.437373,80.0,435301957.7
2025-09-01T15:31:47.454108,80.0,699224777.83
2025-09-01T15:31:48.338369,80.0,385720913.01
2025-09-01T15:31:49.469842,80.0,521854310.77
2025-09-01T15:31:51.487079,80.0,490755903.27
2025-09-01T15:31:53.348679,80.0,419399140.7
2025-09-01T15:31:53.503813,80.0,996498213.69
2025-09-01T15:31:55.520548,80.0,388600603.58
2025-09-01T15:31:57.537283,80.0,659520879.76
2025-09-01T15:31:58.359490,80.0,531912178.69
2025-09-01T15:31:59.553517,80.0,587010918.12
2025-09-01T15:32:01.570752,80.0,672942365.27
2025-09-01T15:32:03.369800,80.0,251135293.17
2025-09-01T15:32:03.587488,80.0,790378936.15
2025-09-01T15:32:05.604222,80.0,532333655.92
2025-09-01T15:32:07.620457,80.0,564971827.43
2025-09-01T15:32:08.381111,80.0,890048654.03
2025-09-01T15:32:09.637192,80.0,585265256.14
2025-09-01T15:32:11.654428,80.0,690696742.15
2025-09-01T15:32:13.391422,80.0,738929103.74
2025-09-01T15:32:13.670662,80.0,200844422.27
2025-09-01T15:32:15.686897,80.0,919096563.84
2025-09-01T15:32:17.703632,80.0,265081166.71
2025-09-01T15:32:18.401732,80.0,643797218.93
2025-09-01T15:32:19.720367,80.0,777078141.27
2025-09-01T15:32:21.736601,80.0,510097076.12
2025-09-01T15:32:23.411542,80.0,143229809.77
2025-09-01T15:32:23.753837,80.0,984989924.0
2025-09-01T15:32:25.769571,80.0,897980409.85
2025-09-01T15:32:27.785805,80.0,974548662.21
2025-09-01T15:32:28.421852,80.0,234870135.35
2025-09-01T15:32:29.802540,80.0,285159980.05
2025-09-01T15:32:31.819275,80.0,132382724.37
2025-09-01T15:32:33.432663,80.0,926469562.45
2025-09-01T15:32:33.836010,80.0,798457584.29
2025-09-01T15:32:35.852245,80.0,811965312.54
2025-09-01T15:32:37.868980,80.0,543784565.59
2025-09-01T15:32:38.442974,80.0,369137729.42
2025-09-01T15:32:39.885715,80.0,982000428.22
2025-09-01T15:32:41.901949,80.0,334502577.44
2025-09-01T15:32:43.453284,80.0,230042270.37
2025-09-01T15:32:43.919185,80.0,992773275.63
2025-09-01T15:32:45.930024,80.0,20623378.33
2025-09-01T15:32:47.943857,80.0,964574630.38
2025-09-01T15:32:48.470337,80.0,48019058.28
2025-09-01T15:32:49.953695,80.0,792275537.76
2025-09-01T15:32:51.969530,80.0,748841064.13
2025-09-01T15:32:53.488416,80.0,374807725.16
2025-09-01T15:32:53.984868,80.0,918328550.13
2025-09-01T15:32:55.999361,80.0,204995630.32
2025-09-01T15:32:58.013698,80.0,749312240.85
2025-09-01T15:32:58.493134,80.0,832480483.56
2025-09-01T15:33:00.028532,80.0,892237009.1
2025-09-01T15:33:02.042246,80.0,879503387.44
2025-09-01T15:33:03.512098,80.0,145300276.37
2025-09-01T15:33:04.055593,80.0,297102875.21
2025-09-01T15:33:06.066281,80.0,476551498.21
2025-09-01T15:33:08.081124,80.0,513060210.5
2025-09-01T15:33:08.526529,80.0,502869936.84
2025-09-01T15:33:10.091455,80.0,367696415.96
2025-09-01T15:33:12.105792,80.0,78966291.1
2025-09-01T15:33:13.542609,80.0,269904155.14
2025-09-01T15:33:14.117132,80.0,36119910.46
2025-09-01T15:33:16.131469,80.0,391245261.51
2025-09-01T15:33:18.142300,80.0,594721215.76
2025-09-01T15:33:18.559680,80.0,288890848.9
2025-09-01T15:33:20.156133,80.0,397677684.12
2025-09-01T15:33:22.169965,80.0,680567819.06
2025-09-01T15:33:23.576135,80.0,582976912.81
2025-09-01T15:33:24.182687,80.0,836158442.98
2025-09-01T15:33:26.191929,80.0,57510689.84
2025-09-01T15:33:28.203760,80.0,458285445.76
2025-09-01T15:33:28.588111,80.0,990975777.75
2025-09-01T15:33:30.219603,80.0,190055363.14
2025-09-01T15:33:32.231962,80.0,170827371.2
2025-09-01T15:33:33.604715,80.0,282770167.47
2025-09-01T15:33:34.245018,80.0,319113682.75
2025-09-01T15:33:36.252511,80.0,147884214.55
2025-09-01T15:33:38.265846,80.0,747923589.33
2025-09-01T15:33:38.619168,80.0,654586118.92
2025-09-01T15:33:40.279734,80.0,358232290.9
2025-09-01T15:33:42.290573,80.0,66150531.92
2025-09-01T15:33:43.627798,80.0,235795986.9
2025-09-01T15:33:44.329941,80.0,189880523.45
2025-09-01T15:33:46.348735,80.0,370156957.18
2025-09-01T15:33:48.364073,80.0,641747517.53
2025-09-01T15:33:48.635319,80.0,547974146.84
2025-09-01T15:33:50.378410,80.0,682259877.58
2025-09-01T15:33:52.391242,80.0,304530668.2
2025-09-01T15:33:53.649891,80.0,605524225.04
2025-09-01T15:33:54.400077,80.0,300169167.09
2025-09-01T15:33:56.411915,80.0,639450277.08
2025-09-01T15:33:58.424542,80.0,590274136.45
2025-09-01T15:33:58.664264,80.0,483280295.89
2025-09-01T15:34:00.435380,80.0,661985600.87
2025-09-01T15:34:02.450214,80.0,139972666.26
2025-09-01T15:34:03.681335,80.0,138895126.0
2025-09-01T15:34:04.462549,80.0,8343748.14
2025-09-01T15:34:06.476886,80.0,21434407.29
2025-09-01T15:34:08.492224,80.0,911750646.66
2025-09-01T15:34:08.684399,80.0,786023420.5
2025-09-01T15:34:10.500971,80.0,635944169.94
2025-09-01T15:34:12.513810,80.0,563795396.14
2025-09-01T15:34:13.695886,80.0,164572442.5
2025-09-01T15:34:14.527778,80.0,935300583.8
2025-09-01T15:34:16.541476,80.0,348812190.3
2025-09-01T15:34:18.555659,80.0,573418047.89
2025-09-01T15:34:18.715308,80.0,394997154.58
2025-09-01T15:34:20.570003,80.0,83230237.24
2025-09-01T15:34:22.586343,80.0,472744545.17
2025-09-01T15:34:23.720375,80.0,667638699.34
2025-09-01T15:34:24.599679,80.0,224911745.06
2025-09-01T15:34:26.615017,80.0,330520922.56
2025-09-01T15:34:28.629354,80.0,662191652.4
2025-09-01T15:34:28.724441,80.0,236779901.47
2025-09-01T15:34:30.642690,80.0,814715286.73
2025-09-01T15:34:32.653030,80.0,708867582.11
2025-09-01T15:34:33.742023,80.0,905757017.84
2025-09-01T15:34:34.670867,80.0,160286753.35
2025-09-01T15:34:36.687206,80.0,195764091.72
2025-09-01T15:34:38.702040,80.0,81003217.26
2025-09-01T15:34:38.750084,80.0,449161628.52
2025-09-01T15:34:40.712373,80.0,36936509.12
2025-09-01T15:34:42.729209,80.0,510127836.93
2025-09-01T15:34:43.768260,80.0,61977106.8
2025-09-01T15:34:44.743042,80.0,803243439.88
2025-09-01T15:34:46.757379,80.0,861132192.33
2025-09-01T15:34:48.772267,80.0,271936177.42
2025-09-01T15:34:48.788282,80.0,245646606.97
2025-09-01T15:34:50.787606,80.0,193013603.76
2025-09-01T15:34:52.801439,80.0,171694601.84
2025-09-01T15:34:53.791340,80.0,574687671.99
2025-09-01T15:34:54.816777,80.0,116851086.35
2025-09-01T15:34:56.830610,80.0,556259127.02
2025-09-01T15:34:58.797407,80.0,839944958.82
2025-09-01T15:34:58.845451,80.0,275767844.73
2025-09-01T15:35:00.857176,80.0,30738134.89
2025-09-01T15:35:02.872514,80.0,962510362.27
2025-09-01T15:35:03.813875,80.0,906565481.5
2025-09-01T15:35:04.881853,80.0,865591530.21
2025-09-01T15:35:06.897688,80.0,893820516.68
2025-09-01T15:35:08.828950,80.0,441863291.89
2025-09-01T15:35:08.909023,80.0,903397063.01
2025-09-01T15:35:10.924864,80.0,404141306.76
2025-09-01T15:35:12.938697,80.0,825892354.33
2025-09-01T15:35:13.847028,80.0,998129383.44
2025-09-01T15:35:14.947533,80.0,210249097.53
2025-09-01T15:35:16.961380,80.0,7032027.49
2025-09-01T15:35:18.865119,80.0,263311960.85
2025-09-01T15:35:18.977221,80.0,894975383.11
2025-09-01T15:35:20.990054,80.0,955076471.2
2025-09-01T15:35:23.006393,80.0,256297214.23
2025-09-01T15:35:23.883206,80.0,283264073.69
2025-09-01T15:35:25.020241,80.0,600014453.54
2025-09-01T15:35:27.036587,80.0,342395101.05
2025-09-01T15:35:28.888280,80.0,205216431.72
2025-09-01T15:35:29.046425,80.0,292310425.62
2025-09-01T15:35:31.057759,80.0,62978413.46
2025-09-01T15:35:33.073594,80.0,813029404.47
2025-09-01T15:35:33.901347,80.0,919539340.82
2025-09-01T15:35:35.082926,80.0,646145160.68
2025-09-01T15:35:37.098264,80.0,537837688.53
2025-09-01T15:35:38.917928,80.0,836762319.31
2025-09-01T15:35:39.110103,80.0,132109753.51
2025-09-01T15:35:41.124937,80.0,471331311.5
2025-09-01T15:35:43.139287,80.0,668888995.2
2025-09-01T15:35:43.922000,80.0,860436156.72
2025-09-01T15:35:45.154121,80.0,296331476.28
2025-09-01T15:35:47.169472,80.0,999499908.17
2025-09-01T15:35:48.927079,80.0,328804422.0
2025-09-01T15:35:49.183312,80.0,291064184.29
2025-09-01T15:35:51.190642,80.0,951977063.87
2025-09-01T15:35:53.204980,80.0,317892515.83
2025-09-01T15:35:53.941650,80.0,742768681.25
2025-09-01T15:35:55.218812,80.0,337759825.91
2025-09-01T15:35:57.232149,80.0,662093464.55
2025-09-01T15:35:58.956335,80.0,737312079.31
2025-09-01T15:35:59.242358,80.0,764012273.75
2025-09-01T15:36:01.246144,80.0,567320822.93
2025-09-01T15:36:03.260997,80.0,532398785.61
2025-09-01T15:36:03.961150,80.0,731201216.43
2025-09-01T15:36:05.270029,80.0,33455085.73
2025-09-01T15:36:07.277563,80.0,828712520.9
2025-09-01T15:36:08.965522,80.0,29649765.6
2025-09-01T15:36:09.282314,80.0,784375531.78
2025-09-01T15:36:11.300983,80.0,478427945.44
2025-09-01T15:36:13.312839,80.0,938800310.74
2025-09-01T15:36:13.979994,80.0,859028684.4
2025-09-01T15:36:15.319974,80.0,222172632.15
2025-09-01T15:36:17.326817,80.0,268615999.2
2025-09-01T15:36:18.989330,80.0,250417492.15
2025-09-01T15:36:19.340650,80.0,337762348.72
2025-09-01T15:36:21.354483,80.0,101101954.44
2025-09-01T15:36:23.368166,80.0,373536160.01
2025-09-01T15:36:24.005249,80.0,231224483.84
2025-09-01T15:36:25.376497,80.0,281661330.61
2025-09-01T15:36:27.389833,80.0,850753638.53
2025-09-01T15:36:29.023209,80.0,236901061.54
2025-09-01T15:36:29.403597,80.0,449032993.98
2025-09-01T15:36:31.413039,80.0,509732396.63
2025-09-01T15:36:33.423658,80.0,355246350.43
2025-09-01T15:36:34.029209,80.0,13212295.1
2025-09-01T15:36:35.436994,80.0,464479567.14
2025-09-01T15:36:37.449330,80.0,186232762.12
2025-09-01T15:36:39.047792,80.0,23310154.37
2025-09-01T15:36:39.465171,80.0,520674828.15
2025-09-01T15:36:41.476009,80.0,603597823.96
2025-09-01T15:36:43.487349,80.0,616345364.15
2025-09-01T15:36:44.061879,80.0,383647380.43
2025-09-01T15:36:45.500692,80.0,227650051.82
2025-09-01T15:36:47.516036,80.0,620795198.59
2025-09-01T15:36:49.068449,80.0,974453001.97
2025-09-01T15:36:49.532872,80.0,550074613.01
2025-09-01T15:36:51.544703,80.0,730968618.82
2025-09-01T15:36:53.558704,80.0,812084023.9
2025-09-01T15:36:54.083685,80.0,643988858.92
2025-09-01T15:36:55.569044,80.0,196256845.89
2025-09-01T15:36:57.581876,80.0,670391492.89
2025-09-01T15:36:59.100265,80.0,989636917.35
2025-09-01T15:36:59.594721,80.0,232064352.92
2025-09-01T15:37:01.603556,80.0,385417101.98
2025-09-01T15:37:03.608395,80.0,277225131.69
2025-09-01T15:37:04.104351,80.0,710276704.32
2025-09-01T15:37:05.621242,80.0,866535227.99
2025-09-01T15:37:07.633074,80.0,826262730.68
2025-09-01T15:37:09.116906,80.0,429453573.31
2025-09-01T15:37:09.645395,80.0,931552192.64
2025-09-01T15:37:11.658732,80.0,594751824.53
2025-09-01T15:37:13.671572,80.0,605593668.98
2025-09-01T15:37:14.135994,80.0,151093804.52
2025-09-01T15:37:15.680408,80.0,589385389.63
2025-09-01T15:37:17.694241,80.0,76033437.7
2025-09-01T15:37:19.144576,80.0,337920248.82
2025-09-01T15:37:19.703084,80.0,513512275.57
2025-09-01T15:37:21.713973,80.0,65275500.38
2025-09-01T15:37:23.729807,80.0,575809271.63
2025-09-01T15:37:24.162201,80.0,487395545.58
2025-09-01T15:37:25.740652,80.0,99920629.9
2025-09-01T15:37:27.755989,80.0,221475520.02
2025-09-01T15:37:29.179803,80.0,681575994.25
2025-09-01T15:37:29.770871,80.0,514300702.85
2025-09-01T15:37:31.784765,80.0,404943279.04
2025-09-01T15:37:33.795114,80.0,935063054.4
2025-09-01T15:37:34.186478,80.0,436734204.35
2025-09-01T15:37:35.809040,80.0,44176923.52
2025-09-01T15:37:37.819909,80.0,385292228.26
2025-09-01T15:37:39.192173,80.0,701488418.05
2025-09-01T15:37:39.831755,80.0,7428069.08
2025-09-01T15:37:41.845098,80.0,115181025.97
2025-09-01T15:37:43.854437,80.0,631973855.06
2025-09-01T15:37:44.205757,80.0,59665224.16
2025-09-01T15:37:45.869272,80.0,681617328.38
2025-09-01T15:37:47.879612,80.0,627841326.76
2025-09-01T15:37:49.225837,80.0,299374304.67
2025-09-01T15:37:49.894022,80.0,277781207.46
2025-09-01T15:37:51.906370,80.0,579722287.89
2025-09-01T15:37:53.916712,80.0,611489961.7
2025-09-01T15:37:54.238004,80.0,864832070.34
2025-09-01T15:37:55.931560,80.0,803129127.18
2025-09-01T15:37:57.945904,80.0,622412774.97
2025-09-01T15:37:59.256096,80.0,575290798.94
2025-09-01T15:37:59.959737,80.0,59909386.38
2025-09-01T15:38:01.969566,80.0,680294898.33
2025-09-01T15:38:03.978898,80.0,535455485.63
2025-09-01T15:38:04.267161,80.0,529675942.05
2025-09-01T15:38:05.994741,80.0,776910414.59
2025-09-01T15:38:08.006585,80.0,737703387.93
2025-09-01T15:38:09.284755,80.0,129033020.64
2025-09-01T15:38:10.020425,80.0,417493809.38
2025-09-01T15:38:12.033270,80.0,324907561.14
2025-09-01T15:38:14.043604,80.0,820764256.27
2025-09-01T15:38:14.300838,80.0,689863422.62
2025-09-01T15:38:16.055103,80.0,183367510.95
2025-09-01T15:38:18.066954,80.0,400230763.89
2025-09-01T15:38:19.312599,80.0,887896104.59
2025-09-01T15:38:20.080298,80.0,995732298.15
2025-09-01T15:38:22.095657,80.0,125990091.88
2025-09-01T15:38:24.108995,80.0,266924668.51
2025-09-01T15:38:24.316687,80.0,563064979.23
2025-09-01T15:38:26.124340,80.0,118033042.71
2025-09-01T15:38:28.137186,80.0,968004154.62
2025-09-01T15:38:29.321264,80.0,155972955.7
2025-09-01T15:38:30.153035,80.0,783329525.37
2025-09-01T15:38:32.166867,80.0,883951013.28
2025-09-01T15:38:34.178291,80.0,225318670.0
2025-09-01T15:38:34.336939,80.0,264150600.09
2025-09-01T15:38:36.189633,80.0,512875668.69
2025-09-01T15:38:38.199164,80.0,858949107.5
2025-09-01T15:38:39.350212,80.0,259426318.45
2025-09-01T15:38:40.207999,80.0,397369862.15
2025-09-01T15:38:42.219851,80.0,884070014.88
2025-09-01T15:38:44.230198,80.0,391174306.06
2025-09-01T15:38:44.358315,80.0,440613708.23
2025-09-01T15:38:46.245038,80.0,916333971.95
2025-09-01T15:38:48.257877,80.0,620240317.64
2025-09-01T15:38:49.376399,80.0,458678824.06
2025-09-01T15:38:50.268722,80.0,875762757.36
2025-09-01T15:38:52.283562,80.0,625159543.16
2025-09-01T15:38:54.295917,80.0,93408972.84
2025-09-01T15:38:54.389002,80.0,201813588.08
2025-09-01T15:38:56.306259,80.0,442101065.88
2025-09-01T15:38:58.318601,80.0,328140639.0
2025-09-01T15:38:59.404100,80.0,960107181.24
2025-09-01T15:39:00.327949,80.0,631063200.6
2025-09-01T15:39:02.332278,80.0,982730674.37
2025-09-01T15:39:04.342123,80.0,446447021.02
2025-09-01T15:39:04.421195,80.0,130208653.54
2025-09-01T15:39:06.351967,80.0,818336633.66
2025-09-01T15:39:08.364814,80.0,334916748.97
2025-09-01T15:39:09.438294,80.0,652991614.04
2025-09-01T15:39:10.379655,80.0,66585544.33
2025-09-01T15:39:12.391991,80.0,772696186.38
2025-09-01T15:39:14.404853,80.0,957534198.07
2025-09-01T15:39:14.452896,80.0,478007490.24
2025-09-01T15:39:16.413208,80.0,172169726.25
2025-09-01T15:39:18.424555,80.0,789572825.61
2025-09-01T15:39:19.463004,80.0,924735290.58
2025-09-01T15:39:20.436394,80.0,611951262.82
2025-09-01T15:39:22.450731,80.0,274093641.36
2025-09-01T15:39:24.463074,80.0,150869238.04
2025-09-01T15:39:24.478165,80.0,407808041.17
2025-09-01T15:39:26.477475,80.0,49103443.24
2025-09-01T15:39:28.489755,80.0,753029480.67
2025-09-01T15:39:29.481657,80.0,633830286.54
2025-09-01T15:39:30.504091,80.0,597759606.6
2025-09-01T15:39:32.515434,80.0,976199759.41
2025-09-01T15:39:34.501242,80.0,712195151.57
2025-09-01T15:39:34.532270,80.0,183720972.12
2025-09-01T15:39:36.547608,80.0,393847979.1
2025-09-01T15:39:38.561958,80.0,253692978.19
2025-09-01T15:39:39.515834,80.0,672769620.14
2025-09-01T15:39:40.566946,80.0,536997997.23
2025-09-01T15:39:42.581283,80.0,209166819.58
2025-09-01T15:39:44.527069,80.0,853254218.13
2025-09-01T15:39:44.592128,80.0,605577195.56
2025-09-01T15:39:46.605968,80.0,532538664.98
2025-09-01T15:39:48.616308,80.0,184253889.37
2025-09-01T15:39:49.541446,80.0,329353.45
2025-09-01T15:39:50.623437,80.0,73420685.38
2025-09-01T15:39:52.630280,80.0,164613887.12
2025-09-01T15:39:54.558034,80.0,201838495.0
2025-09-01T15:39:54.638107,80.0,385927446.99
2025-09-01T15:39:56.648441,80.0,45561921.96
2025-09-01T15:39:58.662778,80.0,943602346.36
2025-09-01T15:39:59.573117,80.0,137570010.98
2025-09-01T15:40:00.668120,80.0,444473518.26
2025-09-01T15:40:02.676466,80.0,642384083.02
2025-09-01T15:40:04.578275,80.0,681288950.18
2025-09-01T15:40:04.690306,80.0,258350119.35
2025-09-01T15:40:06.705643,80.0,997512648.47
2025-09-01T15:40:08.721495,80.0,321169048.27
2025-09-01T15:40:09.596803,80.0,174228462.41
2025-09-01T15:40:10.726343,80.0,897841901.75
2025-09-01T15:40:12.741191,80.0,664722814.81
2025-09-01T15:40:14.605463,80.0,912244980.37
2025-09-01T15:40:14.748593,80.0,785104215.58
2025-09-01T15:40:16.761754,80.0,773155172.75
2025-09-01T15:40:18.774586,80.0,713303324.53
2025-09-01T15:40:19.620363,80.0,27504959.9
2025-09-01T15:40:20.782443,80.0,308049763.66
2025-09-01T15:40:22.793649,80.0,867169341.93
2025-09-01T15:40:24.630328,80.0,125894220.51
2025-09-01T15:40:24.804991,80.0,555261800.93
2025-09-01T15:40:26.821330,80.0,937713861.92
2025-09-01T15:40:28.832175,80.0,335138500.06
2025-09-01T15:40:29.646916,80.0,757119634.89
2025-09-01T15:40:30.845007,80.0,916115384.17
2025-09-01T15:40:32.858868,80.0,963929339.04
2025-09-01T15:40:34.662529,80.0,921350007.52
2025-09-01T15:40:34.870221,80.0,564856560.01
2025-09-01T15:40:36.874052,80.0,102740483.64
2025-09-01T15:40:38.885397,80.0,190214906.3
2025-09-01T15:40:39.668107,80.0,288989053.41
2025-09-01T15:40:40.900733,80.0,425442533.15
2025-09-01T15:40:42.910703,80.0,262114679.14
2025-09-01T15:40:44.682820,80.0,571738020.15
2025-09-01T15:40:44.921037,80.0,519758714.6
2025-09-01T15:40:46.933799,80.0,820927323.62
2025-09-01T15:40:48.949143,80.0,591162697.9
2025-09-01T15:40:49.698329,80.0,671362007.76
2025-09-01T15:40:50.959981,80.0,472252044.4
2025-09-01T15:40:52.974326,80.0,59212512.09
2025-09-01T15:40:54.716422,80.0,805626996.51
2025-09-01T15:40:54.988173,80.0,825834208.07
2025-09-01T15:40:57.000025,80.0,1874837.27
2025-09-01T15:40:59.014370,80.0,899829353.6
2025-09-01T15:40:59.732030,80.0,94144091.46
2025-09-01T15:41:01.024213,80.0,743308746.45
2025-09-01T15:41:03.034547,80.0,283387288.62
2025-09-01T15:41:04.744606,80.0,398937307.64
2025-09-01T15:41:05.048387,80.0,480880897.12
2025-09-01T15:41:07.059722,80.0,414736464.09
2025-09-01T15:41:09.072534,80.0,675330468.11
2025-09-01T15:41:09.760671,80.0,429884565.2
2025-09-01T15:41:11.088384,80.0,691969592.68
2025-09-01T15:41:13.098744,80.0,271269431.38
2025-09-01T15:41:14.774277,80.0,562618463.37
2025-09-01T15:41:15.109085,80.0,698377843.39
2025-09-01T15:41:17.112427,80.0,978250435.57
2025-09-01T15:41:19.123272,80.0,889158801.4
2025-09-01T15:41:19.793882,80.0,163798992.84
2025-09-01T15:41:21.133108,80.0,216579431.2
2025-09-01T15:41:23.144455,80.0,506288923.73
2025-09-01T15:41:24.807541,80.0,768077365.46
2025-09-01T15:41:25.157295,80.0,113730504.3
2025-09-01T15:41:27.170630,80.0,680240768.9
2025-09-01T15:41:29.184974,80.0,969708244.65
2025-09-01T15:41:29.824059,80.0,180658596.59
2025-09-01T15:41:31.200318,80.0,310288090.52
2025-09-01T15:41:33.210148,80.0,868423496.55
2025-09-01T15:41:34.837711,80.0,56242274.09
2025-09-01T15:41:35.222994,80.0,925964464.14
2025-09-01T15:41:37.234348,80.0,289449922.7
2025-09-01T15:41:39.245193,80.0,988036741.2
2025-09-01T15:41:39.853249,80.0,318854172.25
2025-09-01T15:41:41.261531,80.0,8584063.22
2025-09-01T15:41:43.272374,80.0,357158502.04
2025-09-01T15:41:44.865334,80.0,387146742.5
2025-09-01T15:41:45.279711,80.0,702646777.28
2025-09-01T15:41:47.292556,80.0,990464671.26
2025-09-01T15:41:49.307900,80.0,32434237.84
2025-09-01T15:41:49.868411,80.0,642000035.42
2025-09-01T15:41:51.316761,80.0,659480479.45
2025-09-01T15:41:53.328108,80.0,143006313.24
2025-09-01T15:41:54.879534,80.0,263168263.54
2025-09-01T15:41:55.341961,80.0,496028822.11
2025-09-01T15:41:57.357368,80.0,40537888.24
2025-09-01T15:41:59.373644,80.0,527660812.69
2025-09-01T15:41:59.883612,80.0,906839035.92
2025-09-01T15:42:01.385994,80.0,928032041.29
2025-09-01T15:42:03.399330,80.0,518142575.0
2025-09-01T15:42:04.901215,80.0,419465693.6
2025-09-01T15:42:05.413681,80.0,999500850.54
2025-09-01T15:42:07.422034,80.0,821750787.15
2025-09-01T15:42:09.437882,80.0,839916171.8
2025-09-01T15:42:09.917421,80.0,250383774.91
2025-09-01T15:42:11.451715,80.0,545449888.48
2025-09-01T15:42:13.464050,80.0,988232806.36
2025-09-01T15:42:14.933388,80.0,323015715.91
2025-09-01T15:42:15.476392,80.0,194020159.4
2025-09-01T15:42:17.486726,80.0,929745152.43
2025-09-01T15:42:19.500062,80.0,697103680.78
2025-09-01T15:42:19.947589,80.0,790467012.12
2025-09-01T15:42:21.512397,80.0,216550819.46
2025-09-01T15:42:23.525235,80.0,897980265.69
2025-09-01T15:42:24.965553,80.0,744918715.33
2025-09-01T15:42:25.538585,80.0,729296164.46
2025-09-01T15:42:27.552949,80.0,787554314.8
2025-09-01T15:42:29.564284,80.0,190227502.65
2025-09-01T15:42:29.979165,80.0,402933346.9
2025-09-01T15:42:31.577123,80.0,854858391.56
2025-09-01T15:42:33.593972,80.0,663925808.31
2025-09-01T15:42:34.997263,80.0,145897928.43
2025-09-01T15:42:35.603318,80.0,33649956.26
2025-09-01T15:42:37.614156,80.0,336861365.5
2025-09-01T15:42:39.629991,80.0,719049911.29
2025-09-01T15:42:40.013340,80.0,30168656.37
2025-09-01T15:42:41.640339,80.0,378944829.38
2025-09-01T15:42:43.651184,80.0,478459305.11
2025-09-01T15:42:45.023439,80.0,307695569.66
2025-09-01T15:42:45.660536,80.0,268649208.58
2025-09-01T15:42:47.671386,80.0,819827341.49
2025-09-01T15:42:49.684735,80.0,664103730.28
2025-09-01T15:42:50.033557,80.0,200438603.53
2025-09-01T15:42:51.696077,80.0,628690154.77
2025-09-01T15:42:53.710421,80.0,687735803.4
2025-09-01T15:42:55.050143,80.0,41284730.81
2025-09-01T15:42:55.721755,80.0,262321908.02
2025-09-01T15:42:57.739102,80.0,448542212.76
2025-09-01T15:42:59.749953,80.0,166497125.88
2025-09-01T15:43:00.054230,80.0,259909142.79
2025-09-01T15:43:01.765290,80.0,193003065.87
2025-09-01T15:43:03.776632,80.0,63851563.74
2025-09-01T15:43:05.072314,80.0,297662459.7
2025-09-01T15:43:05.791472,80.0,802726316.92
2025-09-01T15:43:07.805837,80.0,585933638.4
2025-09-01T15:43:09.820181,80.0,468984661.72
2025-09-01T15:43:10.077415,80.0,539977964.55
2025-09-01T15:43:11.836022,80.0,240967915.43
2025-09-01T15:43:13.850863,80.0,814959525.19
2025-09-01T15:43:15.080486,80.0,363869703.27
2025-09-01T15:43:15.863205,80.0,675601863.04
2025-09-01T15:43:17.880545,80.0,882211484.78
2025-09-01T15:43:19.894391,80.0,301083102.45
2025-09-01T15:43:20.086566,80.0,925042720.92
2025-09-01T15:43:21.904738,80.0,449095100.35
2025-09-01T15:43:23.920587,80.0,508907374.4
2025-09-01T15:43:25.099673,80.0,574195805.33
2025-09-01T15:43:25.931437,80.0,467175174.04
2025-09-01T15:43:27.944779,80.0,212551836.14
2025-09-01T15:43:29.958122,80.0,797851286.2
2025-09-01T15:43:30.114769,80.0,672103652.81
2025-09-01T15:43:31.966461,80.0,165093362.1
2025-09-01T15:43:33.981302,80.0,683223206.89
2025-09-01T15:43:35.131356,80.0,381424478.56
2025-09-01T15:43:35.993147,80.0,874023780.05
2025-09-01T15:43:38.003011,80.0,679515348.56
2025-09-01T15:43:40.016354,80.0,90546654.3
2025-09-01T15:43:40.144470,80.0,527529019.47
2025-09-01T15:43:42.028695,80.0,873016275.18
2025-09-01T15:43:44.041534,80.0,2511908.18
2025-09-01T15:43:45.160057,80.0,587589012.81
2025-09-01T15:43:46.055376,80.0,85843384.38
2025-09-01T15:43:48.068214,80.0,465455597.3
2025-09-01T15:43:50.082551,80.0,392523480.41
2025-09-01T15:43:50.178639,80.0,624533555.49
2025-09-01T15:43:52.093395,80.0,657495861.76
2025-09-01T15:43:54.109236,80.0,70663867.94
2025-09-01T15:43:55.194728,80.0,311813937.22
2025-09-01T15:43:56.121082,80.0,803236448.7
2025-09-01T15:43:58.129426,80.0,748492802.57
2025-09-01T15:44:00.143267,80.0,971372010.59
2025-09-01T15:44:00.207326,80.0,505445417.82
2025-09-01T15:44:02.155622,80.0,95291704.81
2025-09-01T15:44:04.166963,80.0,192476911.63
2025-09-01T15:44:05.221930,80.0,40923600.14
2025-09-01T15:44:06.181307,80.0,331991384.5
2025-09-01T15:44:08.192647,80.0,300633926.76
2025-09-01T15:44:10.208489,80.0,382136903.29
2025-09-01T15:44:10.239518,80.0,225034966.88
2025-09-01T15:44:12.215859,80.0,40754930.37
2025-09-01T15:44:14.230197,80.0,159889197.05
2025-09-01T15:44:15.253135,80.0,786615229.11
2025-09-01T15:44:16.242547,80.0,261466450.65
2025-09-01T15:44:18.253391,80.0,563913335.5
2025-09-01T15:44:20.262233,80.0,238739190.87
2025-09-01T15:44:20.263234,80.0,925809474.35
2025-09-01T15:44:22.276066,80.0,324963821.53
2025-09-01T15:44:24.289416,80.0,688272434.21
2025-09-01T15:44:25.281823,80.0,970177691.32
2025-09-01T15:44:26.304761,80.0,682573265.77
2025-09-01T15:44:28.316122,80.0,340279437.88
2025-09-01T15:44:30.295930,80.0,613355938.9
2025-09-01T15:44:30.326958,80.0,214510852.3
2025-09-01T15:44:32.341799,80.0,660763399.6
2025-09-01T15:44:34.355143,80.0,706955804.07
2025-09-01T15:44:35.315025,80.0,597348731.09
2025-09-01T15:44:36.368991,80.0,838632318.96
2025-09-01T15:44:38.383335,80.0,270985948.51
2025-09-01T15:44:40.318600,80.0,247568851.02
2025-09-01T15:44:40.398175,80.0,160655114.93
2025-09-01T15:44:42.413016,80.0,877754787.62
2025-09-01T15:44:44.430860,80.0,602479939.21
2025-09-01T15:44:45.324680,80.0,608822528.93
2025-09-01T15:44:46.443698,80.0,56527688.25
2025-09-01T15:44:48.457066,80.0,857932416.15
2025-09-01T15:44:50.342292,80.0,331257079.3
2025-09-01T15:44:50.470409,80.0,470075892.85
2025-09-01T15:44:52.477270,80.0,772292942.91
2025-09-01T15:44:54.487623,80.0,520186701.6
2025-09-01T15:44:55.348916,80.0,971219606.93
2025-09-01T15:44:56.499468,80.0,433294464.69
2025-09-01T15:44:58.514818,80.0,130232570.32
2025-09-01T15:45:00.368088,80.0,777037137.45
2025-09-01T15:45:00.528167,80.0,950193240.35
2025-09-01T15:45:02.542007,80.0,32642139.05
2025-09-01T15:45:04.558352,80.0,158256344.2
2025-09-01T15:45:05.373598,80.0,102127727.71
2025-09-01T15:45:06.572192,80.0,576625603.95
2025-09-01T15:45:08.584680,80.0,383497259.88
2025-09-01T15:45:10.392332,80.0,28010022.49
2025-09-01T15:45:10.599520,80.0,65408669.2
2025-09-01T15:45:12.613360,80.0,283917254.76
2025-09-01T15:45:14.628201,80.0,324847812.51
2025-09-01T15:45:15.396404,80.0,359722540.99
2025-09-01T15:45:16.644042,80.0,26672100.41
2025-09-01T15:45:18.660878,80.0,367778874.73
2025-09-01T15:45:20.402974,80.0,227882069.32
2025-09-01T15:45:20.673220,80.0,580548346.63
2025-09-01T15:45:22.686067,80.0,545022985.49
2025-09-01T15:45:24.702909,80.0,454578356.42
2025-09-01T15:45:25.420065,80.0,566267433.97
2025-09-01T15:45:26.715250,80.0,814777013.34
2025-09-01T15:45:28.729090,80.0,995410036.1
2025-09-01T15:45:30.425136,80.0,800533741.58
2025-09-01T15:45:30.742930,80.0,819100741.12
2025-09-01T15:45:32.758274,80.0,86041004.06
2025-09-01T15:45:34.773612,80.0,578469049.1
2025-09-01T15:45:35.430209,80.0,210230007.11
2025-09-01T15:45:36.784456,80.0,169953802.39
2025-09-01T15:45:38.799303,80.0,596916778.5
2025-09-01T15:45:40.446306,80.0,431461132.07
2025-09-01T15:45:40.813640,80.0,792555129.56
2025-09-01T15:45:42.824000,80.0,39526801.81
2025-09-01T15:45:44.836342,80.0,556382384.93
2025-09-01T15:45:45.458909,80.0,195055210.61
2025-09-01T15:45:46.848286,80.0,261493198.09
2025-09-01T15:45:48.860528,80.0,167417936.09
2025-09-01T15:45:50.477005,80.0,659037934.41
2025-09-01T15:45:50.876369,80.0,19530184.24
2025-09-01T15:45:52.888207,80.0,952695002.46
2025-09-01T15:45:54.903551,80.0,487007194.12
2025-09-01T15:45:55.495090,80.0,677722497.4
2025-09-01T15:45:56.918391,80.0,575899406.87
2025-09-01T15:45:58.930733,80.0,857633930.01
2025-09-01T15:46:00.513677,80.0,566718646.71
2025-09-01T15:46:00.945070,80.0,479967449.31
2025-09-01T15:46:02.958909,80.0,461239039.24
2025-09-01T15:46:04.970748,80.0,182055845.37
2025-09-01T15:46:05.529759,80.0,296077482.91
2025-09-01T15:46:06.978602,80.0,329030970.39
2025-09-01T15:46:08.990951,80.0,900553729.85
2025-09-01T15:46:10.542874,80.0,841167379.33
2025-09-01T15:46:11.005799,80.0,744697164.34
2025-09-01T15:46:13.016139,80.0,939125693.59
2025-09-01T15:46:15.027480,80.0,308194775.9
2025-09-01T15:46:15.553959,80.0,14786750.68
2025-09-01T15:46:17.043819,80.0,92374065.17
2025-09-01T15:46:19.052661,80.0,12614594.58
2025-09-01T15:46:20.571043,80.0,977232332.32
2025-09-01T15:46:21.067494,80.0,260653982.06
2025-09-01T15:46:23.080326,80.0,38444351.46
2025-09-01T15:46:25.095188,80.0,765086617.5
2025-09-01T15:46:25.590141,80.0,351482805.73
2025-09-01T15:46:27.106031,80.0,120897129.01
2025-09-01T15:46:29.117365,80.0,531527686.41
2025-09-01T15:46:30.605223,80.0,548254296.66
2025-09-01T15:46:31.133704,80.0,591099370.28
2025-09-01T15:46:33.144051,80.0,483230354.55
2025-09-01T15:46:35.155882,80.0,420468059.18
2025-09-01T15:46:35.621305,80.0,340356290.07
2025-09-01T15:46:37.170219,80.0,185917136.87
2025-09-01T15:46:39.184556,80.0,912114237.88
2025-09-01T15:46:40.624370,80.0,782844466.85
2025-09-01T15:46:41.199397,80.0,143342673.39
2025-09-01T15:46:43.215239,80.0,834643691.87
2025-09-01T15:46:45.229575,80.0,325081829.63
2025-09-01T15:46:45.643966,80.0,572383883.98
2025-09-01T15:46:47.241420,80.0,322416988.52
2025-09-01T15:46:49.255758,80.0,423175423.25
2025-09-01T15:46:50.657047,80.0,556859934.25
2025-09-01T15:46:51.261107,80.0,206908493.04
2025-09-01T15:46:53.278447,80.0,311601715.25
2025-09-01T15:46:55.289788,80.0,354315831.65
2025-09-01T15:46:55.674137,80.0,893985221.67
2025-09-01T15:46:57.304132,80.0,93038134.75
2025-09-01T15:46:59.319973,80.0,771516094.79
2025-09-01T15:47:00.679211,80.0,175905653.37
2025-09-01T15:47:01.334808,80.0,844953359.45
2025-09-01T15:47:03.339161,80.0,579895416.05
2025-09-01T15:47:05.354498,80.0,244655330.38
2025-09-01T15:47:05.690804,80.0,441845165.92
2025-09-01T15:47:07.367834,80.0,149982563.46
2025-09-01T15:47:09.383172,80.0,397157626.43
2025-09-01T15:47:10.710884,80.0,834572736.67
2025-09-01T15:47:11.398510,80.0,394723103.62
2025-09-01T15:47:13.411846,80.0,392777969.39
2025-09-01T15:47:15.424699,80.0,369350804.29
2025-09-01T15:47:15.725476,80.0,622213982.1
2025-09-01T15:47:17.436543,80.0,382137103.43
2025-09-01T15:47:19.450377,80.0,278347732.17
2025-09-01T15:47:20.742056,80.0,566954273.98
2025-09-01T15:47:21.461711,80.0,425939193.32
2025-09-01T15:47:23.475551,80.0,360683065.07
2025-09-01T15:47:25.489384,80.0,200021766.52
2025-09-01T15:47:25.761632,80.0,930555481.76
2025-09-01T15:47:27.503722,80.0,152173795.07
2025-09-01T15:47:29.517622,80.0,15697951.99
2025-09-01T15:47:30.765691,80.0,669446813.79
2025-09-01T15:47:31.533893,80.0,94541849.5
2025-09-01T15:47:33.544730,80.0,609565086.36
2025-09-01T15:47:35.561566,80.0,988364828.26
2025-09-01T15:47:35.783768,80.0,442662887.96
2025-09-01T15:47:37.580914,80.0,665477965.34
2025-09-01T15:47:39.598253,80.0,365840346.77
2025-09-01T15:47:40.794846,80.0,815837387.21
2025-09-01T15:47:41.610589,80.0,403115332.69
2025-09-01T15:47:43.625422,80.0,645456815.87
2025-09-01T15:47:45.638360,80.0,539287636.45
2025-09-01T15:47:45.798400,80.0,102644352.53
2025-09-01T15:47:47.653096,80.0,663373188.77
2025-09-01T15:47:49.669932,80.0,47002210.72
2025-09-01T15:47:50.804965,80.0,770382168.75
2025-09-01T15:47:51.683268,80.0,779645823.94
2025-09-01T15:47:53.698102,80.0,549165841.72
2025-09-01T15:47:55.712942,80.0,28453336.63
2025-09-01T15:47:55.808095,80.0,281930987.94
2025-09-01T15:47:57.729282,80.0,852559459.73
2025-09-01T15:47:59.743115,80.0,393280497.91
2025-09-01T15:48:00.814594,80.0,345521528.98
2025-09-01T15:48:01.757515,80.0,4942855.34
2025-09-01T15:48:03.767282,80.0,28182786.96
2025-09-01T15:48:05.778119,80.0,887263119.01
2025-09-01T15:48:05.826163,80.0,485472088.24
2025-09-01T15:48:07.789460,80.0,354480849.82
2025-09-01T15:48:09.806304,80.0,762923084.2
2025-09-01T15:48:10.844248,80.0,273964851.9
2025-09-01T15:48:11.821137,80.0,666261614.86
2025-09-01T15:48:13.833970,80.0,597069201.66
2025-09-01T15:48:15.848306,80.0,434391791.75
2025-09-01T15:48:15.849307,80.0,507723682.59
2025-09-01T15:48:17.863140,80.0,15869941.04
2025-09-01T15:48:19.875481,80.0,602912549.93
2025-09-01T15:48:20.866887,80.0,144254481.34
2025-09-01T15:48:21.888320,80.0,854663084.55
2025-09-01T15:48:23.904659,80.0,172290967.79
2025-09-01T15:48:25.885470,80.0,581370107.34
2025-09-01T15:48:25.917607,80.0,539120820.23
2025-09-01T15:48:27.932339,80.0,557921323.96
2025-09-01T15:48:29.949183,80.0,214830135.37
2025-09-01T15:48:30.894043,80.0,707471724.07
2025-09-01T15:48:31.964016,80.0,573674273.72
2025-09-01T15:48:33.974860,80.0,274571921.24
2025-09-01T15:48:35.904126,80.0,266883098.86
2025-09-01T15:48:35.984199,80.0,33071516.22
2025-09-01T15:48:37.998099,80.0,195293556.76
2025-09-01T15:48:40.012866,80.0,421136617.03
2025-09-01T15:48:40.921700,80.0,499682968.19
2025-09-01T15:48:42.024207,80.0,696725286.39
2025-09-01T15:48:44.037549,80.0,174433508.09
2025-09-01T15:48:45.940281,80.0,199102316.45
2025-09-01T15:48:46.052383,80.0,9742870.07
2025-09-01T15:48:48.067217,80.0,607519377.18
2025-09-01T15:48:50.079552,80.0,415506176.93
2025-09-01T15:48:50.945340,80.0,184465814.95
2025-09-01T15:48:52.097388,80.0,998729512.5
2025-09-01T15:48:54.114728,80.0,550307755.96
2025-09-01T15:48:55.952905,80.0,57295779.72
2025-09-01T15:48:56.129065,80.0,541328245.47
2025-09-01T15:48:58.145404,80.0,602906398.17
2025-09-01T15:49:00.158746,80.0,95839571.43
2025-09-01T15:49:00.956982,80.0,795189619.0
2025-09-01T15:49:02.173594,80.0,438535930.74
2025-09-01T15:49:04.181925,80.0,816135595.37
2025-09-01T15:49:05.972065,80.0,580379262.33
2025-09-01T15:49:06.197270,80.0,466993556.92
2025-09-01T15:49:08.210109,80.0,800998285.56
2025-09-01T15:49:10.224943,80.0,380360397.43
2025-09-01T15:49:10.976634,80.0,110636205.16
2025-09-01T15:49:12.238783,80.0,183153624.68
2025-09-01T15:49:14.253617,80.0,640577062.44
2025-09-01T15:49:15.980692,80.0,584231147.33
2025-09-01T15:49:16.268954,80.0,572487331.19
2025-09-01T15:49:18.284789,80.0,672510143.89
2025-09-01T15:49:20.298622,80.0,232905475.47
2025-09-01T15:49:20.986248,80.0,871448184.92
2025-09-01T15:49:22.313456,80.0,65431020.28
2025-09-01T15:49:24.328297,80.0,782730994.14
2025-09-01T15:49:25.991811,80.0,804898947.52
2025-09-01T15:49:26.343131,80.0,435632396.94
2025-09-01T15:49:28.353968,80.0,685006691.71
2025-09-01T15:49:30.363803,80.0,893351210.1
2025-09-01T15:49:31.004386,80.0,594286099.85
2025-09-01T15:49:32.378648,80.0,438282816.74
2025-09-01T15:49:34.391481,80.0,774215094.46
2025-09-01T15:49:36.018975,80.0,635657198.37
2025-09-01T15:49:36.402828,80.0,219071165.76
2025-09-01T15:49:38.414673,80.0,262051094.7
2025-09-01T15:49:40.427512,80.0,402210623.73
2025-09-01T15:49:41.032566,80.0,207038530.39
2025-09-01T15:49:42.437845,80.0,57549961.06
2025-09-01T15:49:44.452685,80.0,787564500.51
2025-09-01T15:49:46.049642,80.0,667661658.59
2025-09-01T15:49:46.464523,80.0,870053515.41
2025-09-01T15:49:48.477355,80.0,738331463.88
2025-09-01T15:49:50.493190,80.0,534775008.73
2025-09-01T15:49:51.068713,80.0,210989806.88
2025-09-01T15:49:52.508023,80.0,746410372.23
2025-09-01T15:49:54.521360,80.0,776787451.79
2025-09-01T15:49:56.088289,80.0,675897735.18
2025-09-01T15:49:56.536698,80.0,605659997.23
2025-09-01T15:49:58.550531,80.0,319839821.06
2025-09-01T15:50:00.565868,80.0,656407992.92
2025-09-01T15:50:01.093349,80.0,835618045.65
2025-09-01T15:50:02.581703,80.0,757869090.05
2025-09-01T15:50:04.593541,80.0,839515414.78
2025-09-01T15:50:06.097910,80.0,302627507.73
2025-09-01T15:50:06.609376,80.0,27134513.56
2025-09-01T15:50:08.622208,80.0,412886527.02
2025-09-01T15:50:10.636552,80.0,549421041.67
2025-09-01T15:50:11.115492,80.0,548323507.6
2025-09-01T15:50:12.650393,80.0,691596563.31
2025-09-01T15:50:14.665227,80.0,676111146.76
2025-09-01T15:50:16.122553,80.0,990254331.75
2025-09-01T15:50:16.679564,80.0,626986228.99
2025-09-01T15:50:18.694397,80.0,504676578.13
2025-09-01T15:50:20.707740,80.0,865666516.4
2025-09-01T15:50:21.139133,80.0,488806622.75
2025-09-01T15:50:22.720075,80.0,26937384.49
2025-09-01T15:50:24.735910,80.0,933139383.83
2025-09-01T15:50:26.159709,80.0,52594310.73
2025-09-01T15:50:26.750247,80.0,981680338.74
2025-09-01T15:50:28.765087,80.0,306825700.82
2025-09-01T15:50:30.779431,80.0,751523637.03
2025-09-01T15:50:31.163780,80.0,451482968.28
2025-09-01T15:50:32.794271,80.0,441227370.68
2025-09-01T15:50:34.808104,80.0,901709054.19
2025-09-01T15:50:36.169350,80.0,819317713.49
2025-09-01T15:50:36.822449,80.0,972131707.64
2025-09-01T15:50:38.834294,80.0,817155167.09
2025-09-01T15:50:40.846125,80.0,302119210.03
2025-09-01T15:50:41.182431,80.0,884253515.29
2025-09-01T15:50:42.861463,80.0,333888782.63
2025-09-01T15:50:44.878298,80.0,906798878.31
2025-09-01T15:50:46.189492,80.0,889928816.16
2025-09-01T15:50:46.892131,80.0,641854755.14
2025-09-01T15:50:48.905971,80.0,16602231.8
2025-09-01T15:50:50.921308,80.0,128213393.66
2025-09-01T15:50:51.193556,80.0,199788926.14
2025-09-01T15:50:52.937647,80.0,223457205.95
2025-09-01T15:50:54.949990,80.0,80276921.25
2025-09-01T15:50:56.198126,80.0,30209151.39
2025-09-01T15:50:56.964824,80.0,759709012.61
2025-09-01T15:50:58.978657,80.0,834258522.97
2025-09-01T15:51:00.991503,80.0,926825691.12
2025-09-01T15:51:01.215707,80.0,484605391.43
2025-09-01T15:51:03.005847,80.0,838809455.37
2025-09-01T15:51:05.020681,80.0,43568667.56
2025-09-01T15:51:06.219772,80.0,986470726.41
2025-09-01T15:51:07.035515,80.0,518099940.69
2025-09-01T15:51:09.048347,80.0,585939193.02
2025-09-01T15:51:11.061683,80.0,603402264.73
2025-09-01T15:51:11.238844,80.0,671703943.6
2025-09-01T15:51:13.075530,80.0,336198691.75
2025-09-01T15:51:15.093366,80.0,692096045.04
2025-09-01T15:51:16.245415,80.0,677506137.4
2025-09-01T15:51:17.110203,80.0,597793506.21
2025-09-01T15:51:19.122538,80.0,935740752.12
2025-09-01T15:51:21.137372,80.0,525833630.88
2025-09-01T15:51:21.264487,80.0,532025145.56
2025-09-01T15:51:23.151708,80.0,83301113.61
2025-09-01T15:51:25.164547,80.0,859158975.65
2025-09-01T15:51:26.269055,80.0,938427494.11
2025-09-01T15:51:27.180388,80.0,113093460.6
2025-09-01T15:51:29.194228,80.0,237447761.61
2025-09-01T15:51:31.211072,80.0,697212809.14
2025-09-01T15:51:31.275131,80.0,657130672.27
2025-09-01T15:51:33.223414,80.0,714785710.96
2025-09-01T15:51:35.238752,80.0,416811100.02
2025-09-01T15:51:36.278698,80.0,369195481.11
2025-09-01T15:51:37.253586,80.0,453459969.72
2025-09-01T15:51:39.267922,80.0,692720669.41
2025-09-01T15:51:41.282763,80.0,526938020.29
2025-09-01T15:51:41.283764,80.0,572862999.47
2025-09-01T15:51:43.297604,80.0,371709808.87
2025-09-01T15:51:45.313943,80.0,577081613.11
2025-09-01T15:51:46.288831,80.0,915944428.27
2025-09-01T15:51:47.326775,80.0,222755629.95
2025-09-01T15:51:49.338117,80.0,297882568.08
2025-09-01T15:51:51.306412,80.0,21131846.18
2025-09-01T15:51:51.354456,80.0,274253234.3
2025-09-01T15:51:53.371292,80.0,944121282.55
2025-09-01T15:51:55.383627,80.0,24874030.92
2025-09-01T15:51:56.310974,80.0,709865586.7
2025-09-01T15:51:57.399468,80.0,933342592.65
2025-09-01T15:51:59.412804,80.0,972892414.35
2025-09-01T15:52:01.329052,80.0,10528888.15
2025-09-01T15:52:01.423642,80.0,765744728.04
2025-09-01T15:52:03.434472,80.0,910874157.06
2025-09-01T15:52:05.449306,80.0,573827285.56
2025-09-01T15:52:06.344121,80.0,819248946.26
2025-09-01T15:52:07.462138,80.0,298412879.57
2025-09-01T15:52:09.479478,80.0,265874075.78
2025-09-01T15:52:11.349180,80.0,646416403.28
2025-09-01T15:52:11.493311,80.0,850485684.59
2025-09-01T15:52:13.508145,80.0,619882884.96
2025-09-01T15:52:15.521978,80.0,783991417.31
2025-09-01T15:52:16.367748,80.0,276800286.36
2025-09-01T15:52:17.533809,80.0,953381966.52
2025-09-01T15:52:19.546144,80.0,728373816.12
2025-09-01T15:52:21.386820,80.0,85062409.47
2025-09-01T15:52:21.561979,80.0,947312610.46
2025-09-01T15:52:23.576813,80.0,703767349.75
2025-09-01T15:52:25.592648,80.0,758470316.76
2025-09-01T15:52:26.390374,80.0,493152177.51
2025-09-01T15:52:27.606481,80.0,14383922.43
2025-09-01T15:52:29.620818,80.0,571928003.35
2025-09-01T15:52:31.395434,80.0,511673877.33
2025-09-01T15:52:31.636653,80.0,599365357.52
2025-09-01T15:52:33.650486,80.0,244780650.1
2025-09-01T15:52:35.664319,80.0,250709629.6
2025-09-01T15:52:36.415003,80.0,92976345.51
2025-09-01T15:52:37.678152,80.0,803244911.55
2025-09-01T15:52:39.693490,80.0,522622965.62
2025-09-01T15:52:41.421062,80.0,815459223.94
2025-09-01T15:52:41.708324,80.0,438664412.87
2025-09-01T15:52:43.723158,80.0,164723825.91
2025-09-01T15:52:45.738992,80.0,920888750.57
2025-09-01T15:52:46.425617,80.0,877071970.71
2025-09-01T15:52:47.753827,80.0,676869587.37
2025-09-01T15:52:49.769164,80.0,468308447.01
2025-09-01T15:52:51.430677,80.0,186561531.83
2025-09-01T15:52:51.781997,80.0,942386423.54
2025-09-01T15:52:53.798868,80.0,481105058.53
2025-09-01T15:52:55.812701,80.0,730383070.0
2025-09-01T15:52:56.450281,80.0,543441236.04
2025-09-01T15:52:57.827535,80.0,177559661.72
2025-09-01T15:52:59.840871,80.0,898399498.71
2025-09-01T15:53:01.456341,80.0,207358641.94
2025-09-01T15:53:01.856706,80.0,567583216.55
2025-09-01T15:53:03.866535,80.0,166148113.38
2025-09-01T15:53:05.880368,80.0,761850337.09
2025-09-01T15:53:06.472907,80.0,385651672.34
2025-09-01T15:53:07.895201,80.0,925870544.26
2025-09-01T15:53:09.910036,80.0,245944628.64
2025-09-01T15:53:11.492981,80.0,349875566.12
2025-09-01T15:53:11.924373,80.0,571387869.24
2025-09-01T15:53:13.941209,80.0,608094149.03
2025-09-01T15:53:15.954041,80.0,309841841.39
2025-09-01T15:53:16.496535,80.0,490116967.53
2025-09-01T15:53:17.967874,80.0,676003289.29
2025-09-01T15:53:19.983709,80.0,248818529.86
2025-09-01T15:53:21.516607,80.0,364195134.94
2025-09-01T15:53:21.996044,80.0,530472342.66
2025-09-01T15:53:24.010878,80.0,7325451.1
2025-09-01T15:53:26.025712,80.0,630469362.24
2025-09-01T15:53:26.521163,80.0,532428627.11
2025-09-01T15:53:28.040546,80.0,851132654.43
2025-09-01T15:53:30.056380,80.0,222259896.13
2025-09-01T15:53:31.526222,80.0,702324106.74
2025-09-01T15:53:32.070717,80.0,832292336.07
2025-09-01T15:53:34.086553,80.0,588108133.63
2025-09-01T15:53:36.100385,80.0,555274149.42
2025-09-01T15:53:36.532779,80.0,241765445.37
2025-09-01T15:53:38.115219,80.0,65286306.07
2025-09-01T15:53:40.129053,80.0,102186413.89
2025-09-01T15:53:41.551851,80.0,42017970.89
2025-09-01T15:53:42.144391,80.0,109119250.08
2025-09-01T15:53:44.158224,80.0,929992971.62
2025-09-01T15:53:46.173058,80.0,820709946.48
2025-09-01T15:53:46.557408,80.0,823673625.61
2025-09-01T15:53:48.187892,80.0,595338646.6
2025-09-01T15:53:50.203726,80.0,870161563.46
2025-09-01T15:53:51.562963,80.0,858757784.86
2025-09-01T15:53:52.217063,80.0,20452479.32
2025-09-01T15:53:54.231897,80.0,945763018.21
2025-09-01T15:53:56.246731,80.0,267738779.31
2025-09-01T15:53:56.566022,80.0,97651632.25
2025-09-01T15:53:58.261565,80.0,525091038.09
2025-09-01T15:54:00.276399,80.0,467083582.5
2025-09-01T15:54:01.571578,80.0,6814507.84
2025-09-01T15:54:02.289735,80.0,882862480.42
2025-09-01T15:54:04.301566,80.0,662459701.53
2025-09-01T15:54:06.318402,80.0,620778094.73
2025-09-01T15:54:06.591650,80.0,18817553.9
2025-09-01T15:54:08.333235,80.0,685862772.28
2025-09-01T15:54:10.346068,80.0,55650429.5
2025-09-01T15:54:11.610218,80.0,835629912.44
2025-09-01T15:54:12.361902,80.0,186135200.28
2025-09-01T15:54:14.377240,80.0,849459698.47
2025-09-01T15:54:16.391073,80.0,149924818.81
2025-09-01T15:54:16.614276,80.0,995937568.07
2025-09-01T15:54:18.406908,80.0,881494631.06
2025-09-01T15:54:20.420741,80.0,245510747.95
2025-09-01T15:54:21.620834,80.0,522233806.59
2025-09-01T15:54:22.437577,80.0,640331190.24
2025-09-01T15:54:24.450912,80.0,572180684.48
2025-09-01T15:54:26.465747,80.0,88242717.33
2025-09-01T15:54:26.625892,80.0,702562147.57
2025-09-01T15:54:28.480581,80.0,767033328.19
2025-09-01T15:54:30.495414,80.0,155047505.38
2025-09-01T15:54:31.630448,80.0,303547508.83
2025-09-01T15:54:32.510248,80.0,535592837.03
2025-09-01T15:54:34.524586,80.0,701699214.68
2025-09-01T15:54:36.542423,80.0,375749941.53
2025-09-01T15:54:36.638509,80.0,449554323.91
2025-09-01T15:54:38.557257,80.0,29080365.24
2025-09-01T15:54:40.566085,80.0,94463065.18
2025-09-01T15:54:41.654075,80.0,740344043.55
2025-09-01T15:54:42.581920,80.0,833946856.54
2025-09-01T15:54:44.595256,80.0,242334354.78
2025-09-01T15:54:46.611090,80.0,173336517.52
2025-09-01T15:54:46.658133,80.0,61180431.51
2025-09-01T15:54:48.621921,80.0,799381396.66
2025-09-01T15:54:50.636755,80.0,590516525.81
2025-09-01T15:54:51.677702,80.0,548506206.36
2025-09-01T15:54:52.651588,80.0,4638300.18
2025-09-01T15:54:54.666926,80.0,628378410.97
2025-09-01T15:54:56.683762,80.0,660926502.96
2025-09-01T15:54:56.683762,80.0,171154327.47
2025-09-01T15:54:58.696594,80.0,580730852.55
2025-09-01T15:55:00.710427,80.0,205490622.72
2025-09-01T15:55:01.702330,80.0,69032824.81
2025-09-01T15:55:02.724260,80.0,396691836.63
2025-09-01T15:55:04.740095,80.0,793741175.57
2025-09-01T15:55:06.721402,80.0,391181454.41
2025-09-01T15:55:06.752431,80.0,188337669.49
2025-09-01T15:55:08.767265,80.0,359045391.86
2025-09-01T15:55:10.782099,80.0,560041491.39
2025-09-01T15:55:11.724957,80.0,485590790.31
2025-09-01T15:55:12.797933,80.0,593579853.04
2025-09-01T15:55:14.810765,80.0,867372668.76
2025-09-01T15:55:16.730016,80.0,185549720.93
2025-09-01T15:55:16.826104,80.0,890231775.56
2025-09-01T15:55:18.839937,80.0,910231639.19
2025-09-01T15:55:20.853769,80.0,902304929.67
2025-09-01T15:55:21.747583,80.0,316647516.58
2025-09-01T15:55:22.867603,80.0,547560988.93
2025-09-01T15:55:24.880624,80.0,277881399.82
2025-09-01T15:55:26.752832,80.0,105344346.51
2025-09-01T15:55:26.896963,80.0,868192014.7
2025-09-01T15:55:28.910796,80.0,874063180.02
2025-09-01T15:55:30.924629,80.0,965533208.64
2025-09-01T15:55:31.757387,80.0,268596675.8
2025-09-01T15:55:32.939463,80.0,950355679.53
2025-09-01T15:55:34.954297,80.0,813008136.91
2025-09-01T15:55:36.760444,80.0,927515342.3
2025-09-01T15:55:36.969635,80.0,128958778.5
2025-09-01T15:55:38.984469,80.0,425541358.01
2025-09-01T15:55:40.998302,80.0,712144391.37
2025-09-01T15:55:41.766000,80.0,774242919.47
2025-09-01T15:55:43.013136,80.0,218354734.69
2025-09-01T15:55:45.027970,80.0,310357092.99
2025-09-01T15:55:46.770059,12.0,725715145.79
2025-09-01T15:55:47.042307,12.0,240.0
2025-09-01T15:55:49.058141,12.0,240.0
2025-09-01T15:55:51.072976,12.0,240.0
2025-09-01T15:55:51.789246,12.0,240.0
2025-09-01T15:55:53.085426,12.0,240.0
2025-09-01T15:55:55.102262,12.0,240.0
2025-09-01T15:55:56.797309,12.0,240.0
2025-09-01T15:55:57.118601,12.0,240.0
2025-09-01T15:55:59.131538,12.0,240.0
2025-09-01T15:56:01.137284,12.0,240.0
2025-09-01T15:56:01.807894,12.0,240.0
2025-09-01T15:56:03.147673,12.0,240.0
2025-09-01T15:56:05.158006,12.0,240.0
2025-09-01T15:56:06.821520,12.0,240.0
2025-09-01T15:56:07.173841,12.0,240.0
2025-09-01T15:56:09.188675,12.0,240.0
2025-09-01T15:56:11.202508,12.0,240.0
2025-09-01T15:56:11.825075,12.0,240.0
2025-09-01T15:56:13.215340,12.0,240.0
2025-09-01T15:56:15.230678,12.0,240.0
2025-09-01T15:56:16.830134,12.0,240.0
2025-09-01T15:56:17.246512,12.0,240.0
2025-09-01T15:56:19.263348,12.0,240.0
2025-09-01T15:56:21.276180,12.0,240.0
2025-09-01T15:56:21.835690,12.0,240.0
2025-09-01T15:56:23.292015,12.0,240.0
2025-09-01T15:56:25.305848,12.0,240.0
2025-09-01T15:56:26.842752,12.0,240.0
2025-09-01T15:56:27.323189,12.0,240.0
2025-09-01T15:56:29.336995,12.0,240.0
2025-09-01T15:56:31.349827,12.0,240.0
2025-09-01T15:56:31.846279,12.0,240.0
2025-09-01T15:56:33.365662,12.0,240.0
2025-09-01T15:56:35.381496,12.0,240.0
2025-09-01T15:56:36.850336,12.0,240.0
2025-09-01T15:56:37.394832,12.0,240.0
2025-09-01T15:56:39.408665,12.0,240.0
2025-09-01T15:56:41.421497,12.0,240.0
2025-09-01T15:56:41.853891,12.0,240.0
2025-09-01T15:56:43.436331,12.0,240.0
2025-09-01T15:56:45.450164,12.0,240.0
2025-09-01T15:56:46.871961,12.0,240.0
2025-09-01T15:56:47.464501,12.0,240.0
2025-09-01T15:56:49.479335,12.0,240.0
2025-09-01T15:56:51.495170,12.0,240.0
2025-09-01T15:56:51.877518,12.0,240.0
2025-09-01T15:56:53.509003,12.0,240.0
2025-09-01T15:56:55.526839,12.0,240.0
2025-09-01T15:56:56.883578,12.0,240.0
2025-09-01T15:56:57.540175,12.0,240.0
2025-09-01T15:56:59.554008,12.0,240.0
2025-09-01T15:57:01.569843,12.0,240.0
2025-09-01T15:57:01.889134,12.0,240.0
2025-09-01T15:57:03.582675,12.0,240.0
2025-09-01T15:57:05.599511,12.0,240.0
2025-09-01T15:57:06.895009,12.0,240.0
2025-09-01T15:57:07.611165,12.0,240.0
2025-09-01T15:57:09.628001,12.0,240.0
2025-09-01T15:57:11.643570,12.0,240.0
2025-09-01T15:57:11.898803,12.0,240.0
2025-09-01T15:57:13.657403,12.0,240.0
2025-09-01T15:57:15.669847,12.0,240.0
2025-09-01T15:57:16.917982,12.0,240.0
2025-09-01T15:57:17.684367,12.0,240.0
2025-09-01T15:57:19.701202,12.0,240.0
2025-09-01T15:57:21.716036,12.0,240.0
2025-09-01T15:57:21.924226,12.0,240.0
2025-09-01T15:57:23.732872,12.0,240.0
2025-09-01T15:57:25.746705,12.0,240.0
2025-09-01T15:57:26.929782,12.0,240.0
2025-09-01T15:57:27.762044,12.0,240.0
2025-09-01T15:57:29.774886,12.0,240.0
2025-09-01T15:57:31.790721,12.0,240.0
2025-09-01T15:57:31.933851,12.0,240.0
2025-09-01T15:57:33.804554,12.0,240.0
2025-09-01T15:57:35.819388,12.0,240.0
2025-09-01T15:57:36.939407,12.0,240.0
2025-09-01T15:57:37.833726,12.0,240.0
2025-09-01T15:57:39.850561,12.0,240.0
2025-09-01T15:57:41.864394,12.0,240.0
2025-09-01T15:57:41.945468,12.0,240.0
2025-09-01T15:57:43.878227,12.0,240.0
2025-09-01T15:57:45.894062,12.0,240.0
2025-09-01T15:57:46.950023,12.0,240.0
2025-09-01T15:57:47.906894,12.0,240.0
2025-09-01T15:57:49.919230,12.0,240.0
2025-09-01T15:57:51.933062,12.0,240.0
2025-09-01T15:57:51.965092,12.0,240.0
2025-09-01T15:57:53.948897,12.0,240.0
2025-09-01T15:57:55.962730,12.0,240.0
2025-09-01T15:57:56.969647,12.0,240.0
2025-09-01T15:57:57.977564,12.0,240.0
2025-09-01T15:57:59.994904,12.0,240.0
2025-09-01T15:58:01.975707,12.0,240.0
2025-09-01T15:58:02.007736,12.0,240.0
2025-09-01T15:58:04.024572,12.0,240.0
2025-09-01T15:58:06.038405,12.0,240.0
2025-09-01T15:58:06.982264,12.0,240.0
2025-09-01T15:58:08.052238,12.0,240.0
2025-09-01T15:58:10.066575,12.0,240.0
2025-09-01T15:58:12.001336,12.0,240.0
2025-09-01T15:58:12.080408,12.0,240.0
2025-09-01T15:58:14.096243,12.0,240.0
2025-09-01T15:58:16.112078,12.0,240.0
2025-09-01T15:58:17.005891,50.0,240.0
2025-09-01T15:58:18.126911,50.0,200.0
2025-09-01T15:58:20.140248,50.0,200.0
2025-09-01T15:58:22.010950,50.0,200.0
2025-09-01T15:58:22.154080,50.0,200.0
2025-09-01T15:58:24.169737,50.0,200.0
2025-09-01T15:58:26.184411,50.0,200.0
2025-09-01T15:58:27.030181,50.0,200.0
2025-09-01T15:58:28.197243,50.0,200.0
2025-09-01T15:58:30.210075,50.0,200.0
2025-09-01T15:58:32.034240,50.0,200.0
2025-09-01T15:58:32.226414,50.0,200.0
2025-09-01T15:58:34.240248,50.0,200.0
2025-09-01T15:58:36.253080,50.0,200.0
2025-09-01T15:58:37.053809,50.0,200.0
2025-09-01T15:58:38.269915,50.0,200.0
2025-09-01T15:58:40.283748,50.0,200.0
2025-09-01T15:58:42.058868,50.0,200.0
2025-09-01T15:58:42.298086,50.0,200.0
2025-09-01T15:58:44.310918,50.0,200.0
2025-09-01T15:58:46.327754,50.0,200.0
2025-09-01T15:58:47.077436,50.0,200.0
2025-09-01T15:58:48.340586,50.0,200.0
2025-09-01T15:58:50.356421,50.0,200.0
2025-09-01T15:58:52.096508,50.0,200.0
2025-09-01T15:58:52.368755,50.0,200.0
2025-09-01T15:58:54.383590,50.0,200.0
2025-09-01T15:58:56.397423,50.0,200.0
2025-09-01T15:58:57.102064,50.0,200.0
2025-09-01T15:58:58.411256,50.0,200.0
2025-09-01T15:59:00.426090,50.0,200.0
2025-09-01T15:59:02.119134,50.0,200.0
2025-09-01T15:59:02.440426,50.0,200.0
2025-09-01T15:59:04.454260,50.0,200.0
2025-09-01T15:59:06.467091,50.0,200.0
2025-09-01T15:59:07.137704,50.0,200.0
2025-09-01T15:59:08.476104,50.0,200.0
2025-09-01T15:59:10.484984,50.0,200.0
2025-09-01T15:59:12.143872,50.0,200.0
2025-09-01T15:59:12.496192,50.0,200.0
2025-09-01T15:59:14.511175,50.0,200.0
2025-09-01T15:59:16.526008,50.0,200.0
2025-09-01T15:59:17.150576,50.0,200.0
2025-09-01T15:59:18.538840,50.0,200.0
2025-09-01T15:59:20.554179,50.0,200.0
2025-09-01T15:59:22.169649,50.0,200.0
2025-09-01T15:59:22.566010,50.0,200.0
2025-09-01T15:59:24.581969,50.0,200.0
2025-09-01T15:59:26.595802,50.0,200.0
2025-09-01T15:59:27.189342,50.0,200.0
2025-09-01T15:59:28.609635,50.0,200.0
2025-09-01T15:59:30.624658,50.0,200.0
2025-09-01T15:59:32.207553,50.0,200.0
2025-09-01T15:59:32.639195,50.0,200.0
2025-09-01T15:59:34.648410,50.0,200.0
2025-09-01T15:59:36.664245,50.0,200.0
2025-09-01T15:59:37.222753,50.0,200.0
2025-09-01T15:59:38.671576,50.0,200.0
2025-09-01T15:59:40.687410,50.0,200.0
2025-09-01T15:59:42.236821,50.0,200.0
2025-09-01T15:59:42.701244,50.0,200.0
2025-09-01T15:59:44.713075,50.0,200.0
2025-09-01T15:59:46.727909,50.0,200.0
2025-09-01T15:59:47.254388,50.0,200.0
2025-09-01T15:59:48.738242,50.0,200.0
2025-09-01T15:59:50.753076,50.0,200.0
2025-09-01T15:59:52.270457,50.0,200.0
2025-09-01T15:59:52.765908,50.0,200.0
2025-09-01T15:59:54.784746,50.0,200.0
2025-09-01T15:59:56.794137,50.0,200.0
2025-09-01T15:59:57.274575,50.0,200.0
2025-09-01T15:59:58.805488,50.0,200.0
2025-09-01T16:00:00.816988,50.0,200.0
2025-09-01T16:00:02.289327,50.0,200.0
2025-09-01T16:00:02.831821,50.0,200.0
2025-09-01T16:00:04.840650,50.0,200.0
2025-09-01T16:00:06.857486,50.0,200.0
2025-09-01T16:00:07.305893,50.0,200.0
2025-09-01T16:00:08.872823,50.0,200.0
2025-09-01T16:00:10.886656,50.0,200.0
2025-09-01T16:00:12.309952,50.0,200.0
2025-09-01T16:00:12.901490,50.0,200.0
2025-09-01T16:00:14.916324,50.0,200.0
2025-09-01T16:00:16.931158,50.0,200.0
2025-09-01T16:00:17.314507,50.0,200.0
2025-09-01T16:00:18.946495,50.0,200.0
2025-09-01T16:00:20.956325,50.0,200.0
2025-09-01T16:00:22.318565,50.0,200.0
2025-09-01T16:00:22.973160,50.0,200.0
2025-09-01T16:00:24.985992,50.0,200.0
2025-09-01T16:00:27.000827,50.0,200.0
2025-09-01T16:00:27.336132,50.0,200.0
